A,-0.061860226,0.022400204,-0.9978335,0.5465012,0.25218442,-0.7985859,0.057783157,-0.09230156,0.99405307,0.85058683,0.314593,0.42134702,-0.15143551,-0.02344521,-0.9881891,0.50394845,0.11105178,-0.8565649,0.008935844,0.035799146,0.999319,0.910123,0.18527877,0.3706048,0.1399278,-0.22070575,-0.9652508,0.72053885,-0.175213,-0.670913,-0.12580912,0.29132885,0.948314,0.8483226,0.08708624,0.52226883,0.0,0.0,0.0,0.0,0.0,0.0,0.0,0.0,0.0,0.0,0.0,0.0,-0.3907525,0.5038331,-0.7703666,177.81728,14.66731,361.1823,72.3141,150.70224,153.18333,0.14055927,-0.011859986,-0.9900012,-0.9284661,-0.34879464,-0.1276441,73.27268,155.69847,98.71419,-0.686,-69.41,8.081,0.0,0.0,0.0,0.0,0.0,0.0,0.0,0.0,0.0,0.0,0.0,0.0,0.0,0.0,0.0,0.0,0.0,0.0,0.0,-0.5814216,0.25204197,-0.77357846,-0.0079690665,-0.10350364,-0.9945972,0.37436444,-0.16924366,0.9117061,0.8628431,-0.5035758,-0.043739058,-0.61080104,0.23429292,-0.75632596,-0.11999823,-0.20450549,-0.9714824,0.44249365,-0.051290207,0.8953037,0.7855598,-0.6158398,-0.060307793,-0.65336514,0.11783317,-0.7478163,-0.23084912,-0.43062407,-0.8725088,0.53247935,0.21704169,0.8181434,0.7154997,-0.6923451,0.09337177,0.0,0.0,0.0,0.0,0.0,0.0,0.0,0.0,0.0,0.0,0.0,0.0,-0.29279748,0.5197154,-0.80259925,168.53798,1.2074808,363.40176,89.48266,141.53064,146.69998,-0.33882162,-0.050231814,-0.93950874,-0.81774956,0.5095487,0.2676672,71.200325,147.56712,95.493675,-3.06,-121.927,-19.831,-0.39892578125,0.521484375,0.7509765625,9.0,4.0,0.0,6.0,5.0,0.0,-2.0,22.0,2.0,0.0,0.0,0.0,0.7147216796875,0.077880859375,0.33795166015625,0.6072998046875,-0.24250095,0.12575622,-0.9619661,0.26567844,0.586162,-0.7653947,0.052910045,-0.36600202,0.9291088,0.6769832,0.5041842,0.5361828,-0.18801714,0.10863442,-0.97613937,0.39496794,0.476985,-0.78516597,-0.042426534,-0.27269137,0.96116567,0.7482434,0.40258962,0.5273076,0.026189744,0.06251952,-0.99770004,0.6612116,0.27683762,-0.6972518,-0.26463675,-0.08118221,0.9609249,0.71998554,0.22623003,0.6560798,0.0,0.0,0.0,0.0,0.0,0.0,0.0,0.0,0.0,0.0,0.0,0.0,-0.27478826,0.40107659,-0.8738587,135.85965,41.349888,373.3682,61.666824,149.64056,137.42636,0.1701011,0.3451579,-0.9230014,-0.71189624,-0.6046056,-0.35728952,62.58296,171.13924,87.12987,20.503,-49.659,10.442,-0.453125,0.744140625,0.51025390625,-6.0,3.0,7.0,4.0,-1.0,-1.0,-1.0,-19.0,10.1875,0.0,0.0,0.0,0.65966796875,0.15911865234375,0.46807861328125,0.56591796875
A,-0.18170342,0.1691581,-0.9686946,0.49099672,0.45456967,-0.7431612,0.14047049,-0.18178865,0.9732528,0.8098252,0.2769457,0.5171889,-0.16546169,0.05863606,-0.98447156,0.5328274,0.2609659,-0.8049794,0.07928993,-0.060924653,0.9949881,0.85486937,0.21936107,0.47019053,0.038024407,-0.07479625,-0.99647367,0.71991765,0.007361677,-0.6940204,-0.08431802,0.18207902,0.97966194,0.7899775,0.114911176,0.60227156,0.0,0.0,0.0,0.0,0.0,0.0,0.0,0.0,0.0,0.0,0.0,0.0,-0.331555,0.5653731,-0.7552645,136.17249,-2.103518,299.5919,51.39355,142.46294,106.47004,0.06724581,0.1000499,-0.99270743,-0.8947705,-0.43415782,-0.10436813,47.985085,152.26622,55.711296,5.755,-64.117,3.875,-0.45849609375,0.658203125,0.6005859375,-16.0,-5.0,-6.0,-2.0,-8.0,-12.0,-25.0,-13.0,-26.6875,0.0,0.0,0.0,0.76513671875,0.17706298828125,0.41021728515625,0.4635009765625,-0.63091093,0.17121014,-0.75672865,-0.015349964,-0.27514863,-0.96127915,0.49054733,-0.06733776,0.8688089,0.8548931,-0.51317996,0.07618526,-0.68296796,0.1507652,-0.71471995,-0.14953893,-0.38715917,-0.90980536,0.5583706,0.044862457,0.8283777,0.7984081,-0.59649724,0.08207025,-0.6974272,0.0031379517,-0.71664876,-0.22165202,-0.60614306,-0.76384616,0.6428812,0.29761115,0.70578426,0.75157976,-0.61858356,0.22909011,0.0,0.0,0.0,0.0,0.0,0.0,0.0,0.0,0.0,0.0,0.0,0.0,-0.18424311,0.6321625,-0.7526121,122.3239,-26.989128,288.89087,75.21276,134.65543,96.44724,-0.46386003,-0.15510738,-0.8722245,-0.76276267,0.5706822,0.30416262,51.623043,134.87936,50.32082,-10.083,-126.803,-28.005,-0.41064453125,0.52880859375,0.76318359375,2.0,-3.0,1.0,3.0,3.0,4.0,12.0,7.0,1.375,0.0,0.0,0.0,0.7933349609375,0.119140625,0.32525634765625,0.50054931640625,0.00962565,0.19770904,-0.9802134,0.20957217,0.8063677,-0.55303764,0.06640765,-0.30695763,0.94940346,0.21709716,0.6107811,0.761456,0.040183514,0.20872048,-0.9771495,0.34701177,0.7687907,-0.53716254,-0.0647577,-0.26845884,0.96111196,0.32332423,0.55010784,0.7699629,0.35065746,0.1696041,-0.9210178,0.6867801,0.6234206,-0.37373754,-0.34673056,-0.20122229,0.9161264,0.25989583,0.4397917,0.8596729,0.0,0.0,0.0,0.0,0.0,0.0,0.0,0.0,0.0,0.0,0.0,0.0,-0.2759025,0.6064633,-0.74570775,116.790665,-9.26932,297.95218,46.24213,145.80394,107.273994,0.1373379,0.39141783,-0.9099068,-0.29015568,-0.8624174,-0.41478416,45.241554,164.60995,59.009052,23.276,-18.595,8.583,-0.48291015625,0.751953125,0.4697265625,-16.0,9.0,-2.0,-3.0,-3.0,-4.0,-8.0,-20.0,7.4375,0.0,0.0,0.0,0.72216796875,0.2237548828125,0.4678955078125,0.45758056640625
A,-0.2605742,0.2453462,-0.9337593,0.31125972,0.73370594,-0.603981,0.13789399,-0.19356222,0.971349,0.65160596,0.39368773,0.6483978,-0.097469,0.050202295,-0.9939716,0.5014602,0.5034961,-0.7035833,0.03597989,-0.10451263,0.9938726,0.63648885,0.4390965,0.6340949,0.10236985,-0.13687415,-0.9852846,0.73119134,0.21242274,-0.6482559,-0.20315345,0.06455614,0.97701645,0.6064306,0.40389192,0.6849184,0.0,0.0,0.0,0.0,0.0,0.0,0.0,0.0,0.0,0.0,0.0,0.0,-0.36742538,0.5068963,-0.77977866,143.17169,8.931757,298.83914,52.089546,134.58775,105.53755,0.08608989,0.1930372,-0.9774074,-0.6693753,-0.7154263,-0.20025462,48.538414,146.02019,56.758087,11.172,-43.095,5.034,-0.46923828125,0.6826171875,0.58935546875,-7.0,6.0,-1.0,2.0,3.0,-2.0,-1.0,-49.0,-24.0625,0.0,0.0,0.0,0.70196533203125,0.14190673828125,0.4371337890625,0.54400634765625,-0.59456086,0.20859283,-0.776522,0.032877848,-0.1962644,-0.9799996,0.4982229,-0.05705691,0.8651695,0.8655176,-0.49783745,0.055110328,-0.7113617,0.08738982,-0.69737184,-0.15751776,-0.3950242,-0.9050658,0.5585527,0.060196873,0.82728183,0.84026814,-0.54133475,0.030102894,-0.709254,-0.06586147,-0.70186955,-0.19655858,-0.62462187,-0.75578576,0.62616354,0.32073966,0.7106654,0.7979348,-0.5712552,0.19227001,0.0,0.0,0.0,0.0,0.0,0.0,0.0,0.0,0.0,0.0,0.0,0.0,-0.27256536,0.584605,-0.764163,141.70113,-20.738155,284.34662,74.1341,124.18126,94.91603,-0.45743093,-0.16308148,-0.8741632,-0.7960362,0.5132383,0.3208004,51.07183,124.02866,50.297024,-10.567,-122.812,-27.622,-0.3984375,0.54345703125,0.75439453125,-30.0,-27.0,-5.0,0.0,-6.0,-4.0,-6.0,-49.0,-0.375,0.0,0.0,0.0,0.729736328125,0.0933837890625,0.34429931640625,0.583251953125,-0.13776541,0.1904097,-0.9719901,0.37264627,0.6399555,-0.67200565,-0.0660383,-0.3395315,0.93827355,0.6140307,0.43714532,0.6571683,-0.027438493,0.10444538,-0.99415207,0.5572577,0.4718077,-0.6832725,-0.16213804,-0.24328582,0.95630705,0.64009655,0.36014277,0.67865574,0.10465452,0.06488525,-0.99238974,0.7139729,0.27303484,-0.6447438,-0.3779419,-0.04712678,0.92462915,0.66330916,0.21724348,0.7161188,0.0,0.0,0.0,0.0,0.0,0.0,0.0,0.0,0.0,0.0,0.0,0.0,-0.339456,0.5272714,-0.7789445,135.98552,2.2188556,294.63205,51.836796,132.92569,101.537254,0.2861891,0.31407917,-0.9052348,-0.6796544,-0.59939766,-0.4228384,58.603077,151.27269,55.273308,19.135,-48.59,17.544,-0.48388671875,0.740234375,0.5185546875,0.0,-2.0,3.0,-3.0,-5.0,-1.0,-1.0,1.0,31.625,0.0,0.0,0.0,0.68243408203125,0.1591796875,0.4619140625,0.5435791015625
A,0.4933165,0.23007536,-0.83887076,0.9154057,0.29052052,-0.27862206,0.2231127,-0.157519,0.9619815,0.6750312,0.1145086,0.7288489,0.34794283,0.042807776,-0.9365379,0.88539547,0.108430326,-0.45201525,0.18828003,-0.026297823,0.9817632,0.74722165,0.09123939,0.65828204,0.45855495,-0.20919767,-0.8636918,0.9033552,-0.15755174,-0.39890707,0.07140235,0.24238537,0.9675489,0.77292866,0.055429116,0.63206714,0.0,0.0,0.0,0.0,0.0,0.0,0.0,0.0,0.0,0.0,0.0,0.0,-0.3134869,0.3773655,-0.8713904,144.61475,49.995934,345.19016,64.45584,146.48865,122.37479,-0.03790092,0.03684866,-0.99860185,-0.965156,-0.2602757,0.027027277,56.699795,154.27342,71.74463,2.113,-74.908,-2.174,-0.3935546875,0.634765625,0.6845703125,-10.0,-11.0,-10.0,-4.0,0.0,0.0,-5.0,-1.0,-28.0,0.0,0.0,0.0,0.804931640625,0.2127685546875,0.3568115234375,0.423583984375,-0.5164852,0.2691872,-0.8128845,0.12475487,-0.1177642,-0.985174,0.35939968,-0.16688123,0.9181408,0.85815793,-0.50296116,0.10293254,-0.61470336,0.21255301,-0.7595795,-0.057818037,-0.26051837,-0.9637361,0.42654952,-0.048176885,0.9031803,0.8140342,-0.5771126,0.065492615,-0.5885827,0.07313847,-0.80512184,-0.10473996,-0.4885652,-0.86621803,0.5150513,0.22124065,0.82811517,0.7358508,-0.6434521,0.210934,0.0,0.0,0.0,0.0,0.0,0.0,0.0,0.0,0.0,0.0,0.0,0.0,-0.18018252,0.6052038,-0.77541125,129.81,-6.2237535,314.94568,83.73715,148.52744,116.67229,-0.32100308,-0.052151266,-0.9456412,-0.827929,0.50029445,0.25345424,67.25366,154.14653,67.8779,-3.157,-121.143,-18.75,-0.37548828125,0.51025390625,0.79833984375,-12.0,-8.0,-2.0,-5.0,-9.0,-9.0,-19.0,-7.0,-1.4375,0.0,0.0,0.0,0.83087158203125,0.143310546875,0.30059814453125,0.44573974609375,-0.052487712,0.10270911,-0.99332565,0.45905787,0.5633622,-0.68694174,-0.03273548,-0.21993464,0.97496516,0.59162354,0.48794883,0.6417846,0.05902928,0.05357917,-0.9968174,0.623347,0.42702964,-0.6550452,-0.12746376,-0.12113803,0.984418,0.6212029,0.40696895,0.669689,0.14042144,-0.003974551,-0.9900838,0.74752545,0.23452993,-0.621451,-0.34304234,0.07196433,0.93655914,0.64081126,0.2698729,0.7186999,0.0,0.0,0.0,0.0,0.0,0.0,0.0,0.0,0.0,0.0,0.0,0.0,-0.2356135,0.34772444,-0.9075098,115.35601,70.86437,339.37103,55.109413,159.77783,107.31993,0.2538087,0.19633421,-0.9471188,-0.69898665,-0.6395949,-0.31989995,60.403023,172.567,57.39412,11.711,-47.541,15.002,-0.44921875,0.7099609375,0.5595703125,-12.0,-10.0,1.0,1.0,2.0,2.0,3.0,-3.0,13.8125,0.0,0.0,0.0,0.7720947265625,0.23431396484375,0.41827392578125,0.41705322265625
A,0.53893113,0.27933902,-0.7946841,0.8591981,0.2489477,-0.44699425,0.09098722,-0.14233676,0.98562753,0.9094862,0.051374655,0.4125477,0.42063117,0.0018722661,-0.9072299,0.78415054,0.004995269,-0.6205505,0.06880889,-0.0074727084,0.9976019,0.9571233,0.0075690816,0.289582,0.40601712,-0.42922908,-0.8067915,0.76302344,-0.39396316,-0.5124337,-0.015207348,0.27136782,0.9623556,0.92891216,-0.07395383,0.36284032,0.0,0.0,0.0,0.0,0.0,0.0,0.0,0.0,0.0,0.0,0.0,0.0,-0.44588256,0.65635014,-0.60859936,157.60631,-22.350323,281.12918,47.075188,140.35422,130.26172,0.08274655,0.0012603719,-0.9965698,-0.9845673,-0.15463568,-0.08194553,46.19332,146.7178,80.44732,0.072,-81.074,4.746,0.0,0.0,0.0,4.0,3.0,1.0,0.0,3.0,-1.0,4.0,29.0,0.0,0.0,0.0,0.0,0.0,0.0,0.0,0.0,-0.3438633,-0.24626645,-0.90615165,0.16192698,-0.4960415,-0.85306644,0.6421015,0.118566364,0.7573952,0.8648011,-0.49864626,-0.05891513,-0.4950086,-0.45871502,-0.73793435,-0.009306724,-0.7047051,-0.70943916,0.6899673,0.22648497,0.68749523,0.8292353,-0.5525741,-0.083849266,-0.58723396,-0.6318878,-0.50584,-0.12953073,-0.88617694,-0.44487333,0.7253413,0.45938587,0.5126838,0.7901596,-0.61226505,0.02791808,0.0,0.0,0.0,0.0,0.0,0.0,0.0,0.0,0.0,0.0,0.0,0.0,-0.29160455,0.5993428,-0.7454898,146.48296,5.868713,306.5021,74.196266,154.44154,121.7005,-0.5942001,-0.33583692,-0.7308487,-0.7496675,0.5604695,0.35195535,43.802803,145.31233,82.76925,-24.68,-126.783,-39.112,-0.439453125,0.54296875,0.763671875,-12.0,-10.0,-7.0,-4.0,-9.0,-4.0,14.0,19.0,17.5,0.0,0.0,0.0,0.737060546875,0.0797119140625,0.37347412109375,0.5574951171875,-0.020090817,0.5335545,-0.84552693,0.14267458,0.9222658,-0.35926285,0.07671055,-0.037691407,0.9963407,0.2588183,0.69046855,0.67547494,0.26818883,0.461515,-0.84562325,0.38337973,0.8490202,-0.3635721,-0.05694647,-0.0067828465,0.99835426,0.22913824,0.70613015,0.669982,0.6253261,0.6072212,-0.49015296,0.58569837,0.8076582,0.06815886,-0.34238467,0.026061552,0.9391984,0.117324084,0.53478765,0.83680177,0.0,0.0,0.0,0.0,0.0,0.0,0.0,0.0,0.0,0.0,0.0,0.0,-0.17292021,0.47067064,-0.8651981,81.692215,25.330904,327.15494,38.826527,142.0068,112.67847,0.120180346,0.1437217,-0.9822936,-0.22450878,-0.95989645,-0.16791262,37.126545,147.00977,62.730217,8.324,-13.164,6.975,-0.505859375,0.81005859375,0.482421875,17.0,11.0,8.0,4.0,3.0,2.0,0.0,10.0,4.375,0.0,0.0,0.0,0.6744384765625,0.167236328125,0.491455078125,0.52490234375
I,-0.044796173,0.6583948,0.7513384,0.025327781,0.26182184,0.9647837,0.03805571,-0.72108483,0.69180083,0.11350781,-0.38084888,0.9176438,0.07383772,0.83816266,-0.5403992,0.1122493,0.98423624,-0.13667195,-0.09896475,-0.7219308,0.68485177,0.11375818,0.60526186,0.78785604,0.36062363,0.78157717,-0.5090067,0.44361326,0.8932547,-0.07282441,-0.37990886,-0.7015043,0.6029601,0.27297086,0.43861726,0.8562136,0.0,0.0,0.0,0.0,0.0,0.0,0.0,0.0,0.0,0.0,0.0,0.0,-0.23396869,0.23513433,-0.9433825,128.27061,58.67873,383.15323,65.09906,122.165,128.43996,0.12297528,0.8144418,-0.56706405,0.04496933,-0.57538736,-0.81664383,64.37688,164.23033,93.472046,55.152,4.469,12.236,-0.3759765625,0.7744140625,0.546875,-7.0,-1.0,-2.0,-3.0,0.0,1.0,4.0,-6.0,1.1875,0.0,0.0,0.0,0.66387939453125,0.190185546875,0.44512939453125,0.5699462890625,0.13324691,-0.6292562,0.7656905,0.0630996,-0.7502345,0.65815395,0.036247395,-0.7533363,0.6566359,-0.021631042,-0.86227316,0.50598145,-0.1324832,0.4693767,-0.87300265,0.22712365,0.8421113,-0.48914558,-0.08852669,-0.71229887,0.696271,0.5296928,0.3958085,0.7501741,0.020203501,0.43766463,-0.8989113,0.47740635,0.68616307,-0.5488747,-0.3596296,-0.6015461,0.71330833,0.645639,0.24389759,0.7236466,0.0,0.0,0.0,0.0,0.0,0.0,0.0,0.0,0.0,0.0,0.0,0.0,-0.34958443,0.116324864,-0.92965543,158.94229,69.28154,382.226,64.55449,100.689255,131.21906,0.1773264,0.78327763,-0.5958452,-0.40650326,-0.493085,-0.76916987,65.54194,143.74214,97.48121,52.739,-39.502,16.573,-0.31005859375,0.78857421875,0.5673828125,1.0,3.0,4.0,-3.0,-7.0,2.0,14.0,2.0,-2.375,0.0,0.0,0.0,0.65997314453125,0.2137451171875,0.41558837890625,0.588134765625,0.23324051,0.95480895,-0.18422468,0.3075387,0.91758376,0.2519124,0.16099289,-0.3438415,0.9251239,0.29178247,0.45504877,0.8413047,0.0071805716,0.3283149,-0.94454104,0.373386,0.8590258,-0.35022527,0.031702425,-0.30621943,0.95143294,0.31558824,0.33210954,0.88887984,0.16966556,0.32420585,-0.93064713,0.607103,0.7335574,-0.30548236,-0.25329223,-0.23809732,0.9376315,0.32084146,0.23553573,0.9173787,0.0,0.0,0.0,0.0,0.0,0.0,0.0,0.0,0.0,0.0,0.0,0.0,-0.36206907,0.5485219,-0.7536775,167.87982,-1.8905107,369.59842,70.12118,146.21039,166.1055,0.045772348,0.4272837,-0.9029582,-0.33117104,-0.84629804,-0.41725942,63.978092,168.05275,116.32656,25.324,-21.371,2.902,-0.43359375,0.75732421875,0.4873046875,-10.0,-6.0,-1.0,-1.0,-3.0,-3.0,-3.0,-3.0,3.75,0.0,0.0,0.0,0.6597900390625,0.1759033203125,0.466552734375,0.56207275390625
I,-0.39278772,0.4433848,-0.8056846,0.40456513,0.6431954,-0.6500975,0.3623883,-0.38643876,0.84813905,0.89969236,0.03240424,0.4353202,-0.37005678,0.23353425,-0.8991773,0.43797928,0.40238714,-0.80390215,0.3148377,-0.27305475,0.90902054,0.9021645,0.07266553,0.42522818,-0.24748704,0.113122806,-0.96226466,0.5571821,0.13710602,-0.81899333,0.16559118,-0.03242021,0.98566145,0.8738738,-0.017293988,0.48584518,0.0,0.0,0.0,0.0,0.0,0.0,0.0,0.0,0.0,0.0,0.0,0.0,-0.35250703,0.6087631,-0.71073645,139.2328,-18.557083,277.4596,49.096428,137.10422,95.7236,-0.1702515,0.31077498,-0.9351114,-0.9152069,-0.40161812,0.033153802,34.008636,157.57317,50.584347,18.384,-66.307,-10.319,-0.4228515625,0.64794921875,0.6689453125,27.0,16.0,6.0,0.0,-12.0,3.0,-10.0,-13.0,-45.6875,0.0,0.0,0.0,0.78460693359375,0.18328857421875,0.37518310546875,0.458251953125,-0.15114741,0.94795394,-0.28024605,0.03129904,0.62415963,-0.7806697,0.14701855,-0.7963653,0.5866751,0.29935402,-0.66853476,-0.6807706,-0.3014795,0.909837,-0.2851432,-0.22706833,0.56696916,-0.7918245,0.2753307,-0.750056,0.60133934,0.17244776,-0.69663495,-0.69639176,-0.4082157,0.83332306,-0.37273675,-0.44209528,0.40177214,-0.8019544,0.51870596,-0.5874834,0.621134,0.02892,-0.81673354,-0.5762899,0.0,0.0,0.0,0.0,0.0,0.0,0.0,0.0,0.0,0.0,0.0,0.0,-0.36338454,0.66928375,-0.6480825,135.0719,-68.60352,251.51918,42.15413,102.532974,85.80386,-0.25899285,0.6501501,-0.7143021,-0.31212714,0.6435209,0.69889736,34.230827,141.33078,52.39544,42.308,-154.125,-19.93,-0.2451171875,0.55029296875,0.81005859375,-14.0,2.0,0.0,0.0,-5.0,-3.0,2.0,-7.0,-0.4375,0.0,0.0,0.0,0.78961181640625,0.16168212890625,0.2740478515625,0.52459716796875,-0.8197537,0.34677893,-0.455794,-0.93837744,-0.28968728,-0.1884918,0.91729164,-0.22462262,0.32881683,0.0471607,-0.8920424,0.44948447,-0.85983866,0.42355847,-0.2850891,-0.9841552,-0.16690008,0.059858218,0.93851316,-0.27827716,0.2043402,0.041999813,-0.8588154,0.51056075,-0.7891633,0.56690425,-0.2363067,-0.974368,0.13958395,0.17641787,0.9353934,-0.344085,-0.08151428,-0.07817855,-0.753361,0.65294355,0.0,0.0,0.0,0.0,0.0,0.0,0.0,0.0,0.0,0.0,0.0,0.0,-0.1993253,0.48976925,-0.84876114,112.67904,9.216757,284.1752,61.711376,134.45122,67.146164,-0.97985137,0.1558061,-0.12496319,0.19116893,0.9128136,-0.360868,12.801274,143.4286,52.607235,51.269,168.172,-82.732,-0.48681640625,0.61474609375,0.62548828125,8.0,15.0,3.0,-3.0,-3.0,-1.0,1.0,-19.0,27.8125,0.0,0.0,0.0,0.77728271484375,0.17010498046875,0.411376953125,0.4444580078125
I,-0.6042019,0.5208547,-0.60303426,-0.3338476,0.12857918,-0.93381643,0.5776015,-0.42002153,0.6999703,0.48930964,-0.691978,-0.5307942,-0.71251047,0.41959715,-0.5623762,-0.4957152,-0.030387739,-0.86795336,0.67123044,-0.32571858,0.66585064,0.40632546,-0.7790139,-0.47753227,-0.863685,0.23275287,-0.4470733,-0.6869674,-0.28881836,-0.6668281,0.8135456,-0.08577859,0.57513976,0.3704205,-0.87337667,-0.31623077,0.0,0.0,0.0,0.0,0.0,0.0,0.0,0.0,0.0,0.0,0.0,0.0,-0.018466039,0.8417757,-0.5395115,74.91859,-64.063576,219.69778,70.34099,144.60663,85.95671,-0.62766176,0.20750241,-0.7503222,-0.46642363,0.67144054,0.57586163,41.7346,162.53635,48.76871,15.459,-145.214,-39.913,-0.3837890625,0.5146484375,0.76025390625,1.0,-1.0,-3.0,-16.0,-36.0,-17.0,10.0,14.0,-23.1875,0.0,0.0,0.0,0.72747802734375,0.09454345703125,0.3304443359375,0.59375,-0.8878394,0.3652889,-0.27983075,-0.70804876,0.03220306,-0.7054288,0.8745531,-0.25030196,0.41533813,0.35662585,-0.59438527,-0.72078025,-0.9446468,0.25573903,-0.20552392,-0.8033127,-0.13487692,-0.5800835,0.925758,-0.140432,0.35107112,0.28864703,-0.70031196,-0.65287524,-0.9949491,0.047655135,-0.08834641,-0.84071577,-0.40646607,-0.3577463,0.96816427,0.11873915,0.22036093,0.31712273,-0.81771034,-0.48039895,0.0,0.0,0.0,0.0,0.0,0.0,0.0,0.0,0.0,0.0,0.0,0.0,-0.25194758,0.71292245,-0.6544188,133.39513,-55.805546,240.66786,70.93912,120.92286,78.442085,-0.8929096,0.029580677,-0.44926322,-0.34762847,0.5888295,0.7296809,27.293602,130.37778,55.45467,3.767,-149.444,-63.291,-0.27099609375,0.5322265625,0.814453125,0.0,-4.0,0.0,0.0,2.0,-1.0,-1.0,-18.0,3.8125,0.0,0.0,0.0,0.71051025390625,0.115478515625,0.28521728515625,0.63275146484375,0.299003,0.9402852,-0.16266818,0.34534615,0.86922264,0.3538191,0.06309472,-0.52800184,0.8468961,0.21705242,0.25859046,0.94128597,0.012775212,0.44330442,-0.8962801,0.34909022,0.85182923,-0.39054194,-0.0653541,-0.48641092,0.8712826,0.40552354,0.39159313,0.8259573,0.4410215,0.16037343,-0.8830518,0.79140913,0.4990392,-0.35303175,-0.343518,-0.39529386,0.8519027,0.33762905,0.3859874,0.85849893,0.0,0.0,0.0,0.0,0.0,0.0,0.0,0.0,0.0,0.0,0.0,0.0,-0.30523333,0.44794315,-0.8403449,120.01437,17.36526,311.4001,44.349205,128.40718,103.084564,0.14590178,0.58948505,-0.79449356,-0.34733206,-0.72144175,-0.5990678,43.72222,157.31458,62.014904,36.574,-25.708,10.406,-0.49560546875,0.77783203125,0.498046875,5.0,2.0,-1.0,1.0,2.0,1.0,6.0,-24.0,17.8125,0.0,0.0,0.0,0.67547607421875,0.15771484375,0.465576171875,0.54949951171875
I,0.88511765,0.4653646,0.0015451245,0.8885598,0.28421044,0.3601192,0.1833585,-0.41238537,0.8923665,0.62122154,-0.071041435,0.78040814,0.30780575,0.37361288,-0.8750251,0.69339114,0.40506145,-0.59593105,0.12579238,-0.29982826,0.9456634,0.93262553,0.19371969,0.30443767,0.5402441,-0.003464646,-0.8415012,0.86160207,0.030931974,-0.50664085,-0.033332445,-0.058946066,0.9977045,0.9089006,0.07386388,0.41041917,0.0,0.0,0.0,0.0,0.0,0.0,0.0,0.0,0.0,0.0,0.0,0.0,-0.2674351,0.37123072,-0.88919413,132.56627,33.10544,329.69138,64.18285,128.02948,102.32358,0.02145691,0.33602124,-0.94161,-0.9074925,-0.38866007,-0.159376,58.53888,149.81697,55.65858,19.639,-66.816,1.305,-0.306640625,0.65673828125,0.73681640625,-8.0,-2.0,-2.0,-3.0,6.0,-1.0,0.0,-14.0,-22.8125,0.0,0.0,0.0,0.8055419921875,0.23394775390625,0.313232421875,0.44512939453125,0.14926223,-0.83909214,-0.5231109,0.10951566,-0.9199825,-0.37634915,-0.16424385,-0.73059785,0.66275984,0.033745337,-0.99456215,-0.098526254,0.0017902296,0.6121462,-0.7907426,0.014496472,0.17678896,-0.984142,-0.03014923,-0.72256345,0.6906469,0.027857533,-0.8010022,-0.598013,-0.22243887,0.62287354,-0.750033,-0.2831472,0.17237021,-0.9434597,0.24782221,-0.63733524,0.7296492,-0.15902133,-0.84366447,-0.51277936,0.0,0.0,0.0,0.0,0.0,0.0,0.0,0.0,0.0,0.0,0.0,0.0,-0.3796214,0.61773276,-0.68868995,142.08043,-58.215893,268.51273,45.010883,99.73896,92.414055,0.026776109,0.60983026,-0.79207957,-0.1711812,0.7834568,0.5974047,52.789745,134.99443,55.256115,37.593,-167.675,1.936,-0.1416015625,0.58984375,0.806640625,4.0,10.0,6.0,1.0,3.0,-1.0,0.0,-1.0,1.625,0.0,0.0,0.0,0.8011474609375,0.21307373046875,0.2279052734375,0.5106201171875,0.48448235,0.68103915,0.54905593,0.458465,0.5847414,0.6692439,0.028646888,-0.423306,0.90553373,0.38526657,0.38028565,0.84080476,0.5326149,0.7076093,-0.46433896,0.653156,0.7340857,0.18575644,-0.08929659,-0.35748887,0.92963856,0.2824289,0.16435452,0.945104,0.84764016,0.39438832,-0.35491413,0.8228997,0.4948866,0.2791474,-0.3491521,-0.22276519,0.9102025,0.1351235,0.24542537,0.95995224,0.0,0.0,0.0,0.0,0.0,0.0,0.0,0.0,0.0,0.0,0.0,0.0,-0.13933218,0.48704502,-0.8621912,90.194695,17.148634,320.86105,54.56733,141.68651,100.39795,0.19057037,0.4537121,-0.87053335,-0.49978697,-0.71841115,-0.4838372,56.168854,165.75676,54.54787,27.528,-34.826,12.348,-0.3857421875,0.72412109375,0.572265625,0.0,-5.0,-8.0,-4.0,-2.0,-2.0,-11.0,4.0,29.5,0.0,0.0,0.0,0.77520751953125,0.250244140625,0.38623046875,0.4326171875
I,0.9477312,0.25189856,-0.19583853,0.9739441,0.013428829,0.22638991,0.17546706,-0.5103794,0.84185755,0.6023677,-0.32878646,0.72736,0.8121129,0.20326693,-0.5469509,0.9963848,0.0077795745,-0.08459805,0.15894178,-0.39061943,0.9067271,0.7156984,-0.28257617,0.6386912,-0.16506033,0.2463151,-0.95503086,0.49923438,0.065777935,-0.8639666,0.08133694,-0.12008023,0.9894266,0.90560704,-0.28680265,0.31244242,0.0,0.0,0.0,0.0,0.0,0.0,0.0,0.0,0.0,0.0,0.0,0.0,-0.34403607,0.6304739,-0.695803,134.84656,-30.394085,284.53955,49.562454,125.89592,112.05494,-0.008208912,0.38517022,-0.92280906,-0.99251324,-0.11560049,-0.039421387,44.36602,150.94138,68.82914,22.655,-83.357,-0.51,-0.35498046875,0.5654296875,0.7158203125,11.0,12.0,11.0,4.0,-18.0,-4.0,2.0,-4.0,-36.75,0.0,0.0,0.0,0.732421875,0.14215087890625,0.37481689453125,0.55023193359375,0.18612137,-0.96434623,0.18813613,0.17875217,-0.9472243,0.2661087,0.17071268,-0.8219279,0.54340756,0.1671301,-0.9148949,0.36747098,-0.28930756,0.89644295,-0.33569527,-0.28760496,0.5376864,-0.7925759,0.3026417,-0.7843138,0.5415349,0.030648373,-0.6838986,-0.728933,-0.41774297,0.82247096,-0.38604698,-0.50734854,0.39295718,-0.7669303,0.55680424,-0.63817036,0.5317026,-0.10424802,-0.8000126,-0.5908572,0.0,0.0,0.0,0.0,0.0,0.0,0.0,0.0,0.0,0.0,0.0,0.0,-0.49957052,0.5686162,-0.6535326,169.22243,-35.121494,266.3793,45.382442,105.83441,104.37319,-0.30832058,0.6871338,-0.6578644,-0.1718265,0.6399536,0.74895597,35.962986,144.847,74.173195,46.247,-164.971,-25.111,-0.2666015625,0.61181640625,0.78662109375,-10.0,-1.0,3.0,2.0,-1.0,1.0,3.0,5.0,8.1875,0.0,0.0,0.0,0.7322998046875,0.1392822265625,0.30780029296875,0.5911865234375,0.29570085,0.95528066,6.8333866E-5,0.33361915,0.8817955,0.33336893,0.1329143,-0.38442424,0.9135381,0.30271792,0.5013693,0.8105496,0.45211968,0.8858459,-0.104234464,0.4885896,0.8396152,0.23733206,0.004368271,-0.34380797,0.93902993,0.40362296,0.5024064,0.7646413,0.779081,0.6242878,0.057425063,0.62938726,0.644304,0.43444684,-0.27808928,-0.26627707,0.92291003,0.15781453,0.44094962,0.8835486,0.0,0.0,0.0,0.0,0.0,0.0,0.0,0.0,0.0,0.0,0.0,0.0,-0.28911823,0.41064632,-0.8647429,116.47611,16.933521,331.83487,44.80576,118.72982,117.47125,0.07586259,0.46040204,-0.884463,-0.34909844,-0.8186157,-0.45606863,40.64552,140.7121,72.50216,27.499,-23.096,4.902,-0.44189453125,0.7802734375,0.5205078125,19.0,12.0,-5.0,-1.0,-1.0,-1.0,-2.0,-15.0,2.4375,0.0,0.0,0.0,0.69024658203125,0.19073486328125,0.46014404296875,0.52471923828125
J,0.72090924,0.016107738,0.6928422,0.70118684,-0.036433887,0.7120461,0.7949936,-0.16901763,0.5825962,0.67358166,-0.10080136,0.7322068,0.70864713,-0.07435631,0.70163405,0.6841357,-0.11415184,0.7203664,0.7239261,-0.10610788,0.68166864,0.65251726,-0.16140223,0.7403855,0.6835782,-0.1623939,0.7115821,0.6506571,-0.19485687,0.7339456,0.5156939,0.0035901587,0.85676533,0.6073294,-0.23450413,0.75905126,0.0,0.0,0.0,0.0,0.0,0.0,0.0,0.0,0.0,0.0,0.0,0.0,-0.3922298,0.318687,-0.8628988,137.45465,48.21259,325.16077,37.16113,129.70116,104.5167,-0.6400241,0.22013128,-0.7361463,-0.49896035,-0.84765476,0.18033282,-1.8292812,140.97559,72.317215,16.648,-30.483,-41.005,-0.4384765625,0.7021484375,0.5517578125,-8.0,-19.0,5.0,11.0,7.0,9.0,8.0,27.0,-0.5,0.0,0.0,0.0,0.7662353515625,0.21197509765625,0.43310546875,0.42449951171875,-0.16999409,-0.725926,0.6664333,-0.24285139,-0.74778533,0.61793226,-0.33684558,-0.7734901,0.5368874,-0.33142996,-0.7665927,0.54999095,-0.16441949,-0.74009967,0.652088,-0.24614085,-0.75188893,0.6116189,-0.40859258,-0.68068606,0.6080449,-0.34602737,-0.7576848,0.55333424,0.5606909,0.43308777,-0.7057341,0.9106494,0.23223077,-0.3417405,-0.5596935,-0.44604832,0.6984154,0.691215,-0.34693056,0.6339252,0.0,0.0,0.0,0.0,0.0,0.0,0.0,0.0,0.0,0.0,0.0,0.0,-0.06958184,0.5939562,-0.8014826,54.225197,-29.423628,303.7511,36.433056,122.45153,98.81122,0.532814,0.66584045,-0.5222698,-0.7020636,0.0032402156,-0.7121069,57.39828,161.90204,72.57596,51.89,-90.264,45.573,-0.38232421875,0.72705078125,0.6083984375,-10.0,1.0,-4.0,0.0,0.0,3.0,-2.0,29.0,1.0,0.0,0.0,0.0,0.75103759765625,0.21624755859375,0.37982177734375,0.4947509765625,0.20479968,0.97871023,0.013539493,0.30815503,0.885213,0.3484801,0.22810745,-0.44037345,0.86835366,0.3793642,0.27772766,0.8825816,0.315601,0.9200267,-0.23226433,0.45447275,0.85853684,0.23742157,0.10017066,-0.40924233,0.9069105,0.43152392,0.30746597,0.84808713,0.7548706,0.65443814,-0.04337149,0.63053703,0.6474619,0.42803758,-0.18631612,-0.34734467,0.9190418,0.13497667,0.32217455,0.9370085,0.0,0.0,0.0,0.0,0.0,0.0,0.0,0.0,0.0,0.0,0.0,0.0,-0.19084933,0.5244144,-0.8297988,88.91507,1.0448163,317.14566,40.114716,135.13808,104.96531,-0.021896735,0.5261112,-0.85013384,-0.34243786,-0.80284804,-0.48802796,30.813177,160.78333,60.92017,31.752,-23.1,-1.475,-0.486328125,0.732421875,0.48779296875,-6.0,-7.0,-13.0,-13.0,-6.0,-3.0,-3.0,0.0,2.625,0.0,0.0,0.0,0.750244140625,0.22705078125,0.440673828125,0.4373779296875
J,0.75786227,0.31802908,0.56965095,0.75000936,0.2756379,0.6012567,0.5944623,-0.2624546,0.760087,0.74330246,0.24576482,0.6221745,0.7517478,0.2598107,0.6061136,0.73539245,0.22447972,0.63938,0.50968623,-0.18922316,0.83929414,0.71341723,0.1816705,0.6767804,0.69510645,0.24163298,0.67708224,0.68045807,0.2287186,0.69617856,0.28040165,-0.050448947,0.95855606,0.6452517,0.19871205,0.7376746,0.0,0.0,0.0,0.0,0.0,0.0,0.0,0.0,0.0,0.0,0.0,0.0,-0.44845778,0.18305868,-0.8748572,157.5951,81.87252,330.58725,42.92401,128.6808,106.88544,-0.40064734,0.29040235,-0.8689926,-0.6346124,-0.77205664,0.034578763,15.067641,144.45451,66.14989,18.479,-39.419,-24.752,-0.4150390625,0.68017578125,0.6279296875,-24.0,-17.0,12.0,25.0,-1.0,5.0,21.0,24.0,6.9375,0.0,0.0,0.0,0.78173828125,0.23291015625,0.39080810546875,0.42633056640625,0.11932749,0.5790676,-0.80649966,0.4555154,0.7877928,-0.4145941,-0.14632475,-0.6219306,0.7692798,0.58073765,0.32302794,0.74725956,0.29805183,0.56627184,-0.7684408,0.65571433,0.6721099,-0.3439579,-0.2455266,-0.53546137,0.8080827,0.6613753,0.22533254,0.7154076,0.47588232,0.34210533,-0.81024677,0.8384921,0.3700322,-0.40000883,-0.46120664,-0.33703324,0.8207904,0.70341617,0.0743168,0.70688236,0.0,0.0,0.0,0.0,0.0,0.0,0.0,0.0,0.0,0.0,0.0,0.0,0.21250132,0.5926707,-0.77690715,10.101276,-24.120724,297.09967,64.438065,127.42573,98.44378,0.3629059,0.5846785,-0.725569,-0.6257279,-0.42407334,-0.65469563,75.45254,160.58403,60.18963,38.863,-55.873,26.573,-0.27783203125,0.67138671875,0.70263671875,0.0,9.0,6.0,3.0,0.0,0.0,1.0,-3.0,1.5625,0.0,0.0,0.0,0.773681640625,0.23968505859375,0.32843017578125,0.48577880859375,-0.18374345,0.23860686,-0.95357484,-0.13377032,0.75459945,-0.6424058,0.16054891,-0.13204527,0.9781554,0.07918624,0.8640095,0.49720937,0.0010673435,0.22066735,-0.97534853,0.10270979,0.7266915,-0.6792424,0.023961192,-0.13120274,0.991066,0.17229436,0.8641842,0.4727581,0.27958587,0.21843672,-0.9349423,0.43503708,0.66659856,-0.60530084,-0.26578817,-0.15442865,0.9515821,0.28450787,0.7945202,0.5364634,0.0,0.0,0.0,0.0,0.0,0.0,0.0,0.0,0.0,0.0,0.0,0.0,-0.0806697,0.36027816,-0.9293503,71.13421,59.801582,330.18546,50.50689,151.92505,92.5497,0.010412454,0.27587944,-0.96113586,-0.03201983,-0.96060306,-0.2760734,43.693428,162.34647,42.25912,16.015,-1.909,0.621,-0.47412109375,0.78759765625,0.51611328125,-3.0,-2.0,-6.0,-7.0,-4.0,-3.0,-1.0,-3.0,-1.8125,0.0,0.0,0.0,0.7630615234375,0.24249267578125,0.41241455078125,0.43438720703125
J,0.81865585,0.42134395,0.39022017,0.8190372,0.40220097,0.40916058,0.5164812,-0.3814177,0.76666015,0.8182646,0.367783,0.4417903,0.855836,0.33486032,0.39422494,0.8526942,0.32082173,0.41229346,0.43834206,-0.3018711,0.84659904,0.84618825,0.2961384,0.443021,0.8991696,0.28969288,0.32798195,0.8911722,0.27781904,0.35864857,0.22383562,-0.14018828,0.964492,0.8739168,0.2552938,0.41363567,0.0,0.0,0.0,0.0,0.0,0.0,0.0,0.0,0.0,0.0,0.0,0.0,-0.43505967,0.3129831,-0.8442539,179.02127,44.413883,362.47803,61.555164,128.91933,134.52948,-0.31555822,0.38889745,-0.8655529,-0.7320332,-0.6801676,-0.03872249,36.750175,151.71819,91.42852,24.195,-47.103,-20.031,0.0,0.0,0.0,-33.0,0.0,6.0,-2.0,-40.0,-16.0,-3.0,-9.0,0.0,0.0,0.0,0.0,0.0,0.0,0.0,0.0,0.993511,0.043967158,0.10489477,0.8830488,-0.30112156,0.35993132,-0.59872794,-0.70187074,0.38587853,0.2773938,-0.73683083,0.6165492,0.99759084,-0.045069933,-0.05273627,0.90400875,-0.38126257,0.1934087,-0.61219156,-0.61781937,0.4934783,0.32532322,-0.7843693,0.5281379,0.83671606,0.093336664,-0.5396244,0.9148006,-0.28149432,-0.28965643,-0.6285216,-0.38748544,0.6744002,0.4620618,-0.8048003,0.37255257,0.0,0.0,0.0,0.0,0.0,0.0,0.0,0.0,0.0,0.0,0.0,0.0,-0.33546054,0.36127543,-0.8700266,145.76414,21.127686,365.04617,55.189804,118.67205,130.13899,0.72360986,0.5260866,-0.44679034,-0.6896987,0.52624565,-0.4973743,91.08293,154.44653,109.53223,49.66,-127.344,58.307,0.0,0.0,0.0,-38.0,16.0,8.0,2.0,-14.0,-28.0,-32.0,-53.0,0.0,0.0,0.0,0.0,0.0,0.0,0.0,0.0,-0.2779978,0.5956773,-0.75358194,-0.012292211,0.8997081,-0.43631896,0.30577362,-0.5788461,0.75593626,0.49635357,0.6783624,0.54171723,-0.20082046,0.5257452,-0.82659733,0.110257395,0.81712484,-0.5658182,0.18898518,-0.5428479,0.8182914,0.61293083,0.65963024,0.43497553,0.16378358,0.45917827,-0.87311524,0.49793887,0.6427908,-0.5821312,-0.084335014,-0.45923206,0.8843039,0.74744445,0.48056316,0.45867842,0.0,0.0,0.0,0.0,0.0,0.0,0.0,0.0,0.0,0.0,0.0,0.0,-0.0053239306,0.48277843,-0.87572634,74.27575,2.6868427,347.6402,72.83829,133.03702,111.19408,-0.091197126,0.64322203,-0.76022923,-0.49423888,-0.69198775,-0.5261947,59.188442,167.27995,70.772896,40.234,-35.536,-6.841,-0.33056640625,0.755859375,0.57275390625,-5.0,-2.0,12.0,8.0,5.0,2.0,-4.0,1.0,19.1875,0.0,0.0,0.0,0.6756591796875,0.20208740234375,0.42694091796875,0.56591796875
J,0.85153097,0.07086583,0.519493,0.8382903,0.0180777,0.54492444,0.80599535,-0.3144075,0.5015172,0.8174435,-0.04811552,0.57399565,0.8302513,0.039573174,0.5559826,0.81052864,-0.004541154,0.58568144,0.7509347,-0.2518098,0.6104825,0.78114027,-0.061597064,0.6213097,0.8353478,0.0027440873,0.5497148,0.8090408,-0.032422047,0.58685756,0.57170844,-0.13245465,0.8096946,0.76725495,-0.08198483,0.63608044,0.0,0.0,0.0,0.0,0.0,0.0,0.0,0.0,0.0,0.0,0.0,0.0,-0.5699161,0.16825359,-0.80429244,172.08214,82.8324,313.53076,30.803988,124.54126,114.15237,-0.6570836,0.35880563,-0.6629478,-0.5903477,-0.79181737,0.15657228,-7.395399,142.64883,87.02913,28.423,-36.707,-44.745,-0.50390625,0.65673828125,0.572265625,6.0,5.0,11.0,7.0,3.0,8.0,-1.0,3.0,-6.8125,0.0,0.0,0.0,0.71685791015625,0.1485595703125,0.45703125,0.50506591796875,0.256214,0.8109128,-0.526094,0.71036875,0.68065614,-0.17911883,-0.38189474,-0.80778223,0.44904828,0.7424735,-0.26939142,0.6133201,0.22861947,0.762804,-0.6048663,0.7036165,0.614383,-0.35701153,-0.42938745,-0.72088873,0.54400915,0.82393974,-0.30922312,0.47487298,0.32934678,0.5454372,-0.7707328,0.7940486,0.25961173,-0.5496257,-0.5307686,-0.48894486,0.6922556,0.7291047,-0.5238685,0.44041815,0.0,0.0,0.0,0.0,0.0,0.0,0.0,0.0,0.0,0.0,0.0,0.0,-0.15149786,0.48905417,-0.85899615,75.33467,-7.596673,316.14502,37.77943,113.63638,103.20597,0.55950606,0.67497146,-0.48100567,-0.7756329,0.22184443,-0.59091336,60.39798,152.90535,81.54734,54.525,-105.961,49.314,0.0,0.0,0.0,-20.0,-10.0,-4.0,-4.0,-8.0,-9.0,-25.0,-38.0,0.0,0.0,0.0,0.0,0.0,0.0,0.0,0.0,0.12823848,0.97334766,-0.19012924,0.25524822,0.8987481,0.35651106,0.21864161,-0.25931793,0.94071776,0.28566042,0.27040341,0.91939116,0.08127234,0.55285287,-0.8293061,0.2828544,0.8762369,-0.390131,0.08700968,-0.23258036,0.96867734,0.372398,0.6671786,0.64512986,0.56322443,0.3162142,-0.76340485,0.6944421,0.6499185,-0.30879793,-0.2035866,-0.19350089,0.9597447,0.32418907,0.64658195,0.6905311,0.0,0.0,0.0,0.0,0.0,0.0,0.0,0.0,0.0,0.0,0.0,0.0,-0.17944759,0.47822738,-0.8597076,80.72166,18.097343,322.28818,36.23787,136.64651,109.172775,-0.02061796,0.3637363,-0.93127376,-0.2568767,-0.9021292,-0.34666592,27.434587,152.72614,62.410664,21.335,-15.894,-1.268,-0.54443359375,0.73828125,0.44677734375,2.0,0.0,2.0,3.0,2.0,-2.0,-2.0,3.0,6.875,0.0,0.0,0.0,0.6787109375,0.168701171875,0.49407958984375,0.516357421875
J,0.8734014,0.17846856,0.45312124,0.8679539,0.14609784,0.4746699,0.7280808,-0.3873799,0.56553966,0.8571154,0.09648947,0.506007,0.8748124,0.47491798,0.09568728,0.8928484,0.27697176,0.35511732,0.67283267,-0.31603837,0.6688916,0.76978976,-0.028668175,0.6376534,0.94320685,0.32385063,0.07403817,0.92446214,0.2003809,0.32437217,0.4945106,-0.17204182,0.8519747,0.77648723,0.0020643326,0.6301295,0.0,0.0,0.0,0.0,0.0,0.0,0.0,0.0,0.0,0.0,0.0,0.0,-0.48028338,0.4041729,-0.77844214,163.18071,36.239014,272.5511,44.121876,136.4306,79.580826,-0.56408334,0.41048187,-0.71645975,-0.68513745,-0.7169624,0.12865286,10.212557,157.88136,49.368732,29.81,-43.7,-38.214,-0.46630859375,0.59521484375,0.583984375,12.0,9.0,-6.0,-2.0,-3.0,2.0,-10.0,6.0,-12.8125,0.0,0.0,0.0,0.71527099609375,0.1416015625,0.44915771484375,0.51617431640625,0.26163688,-0.3026017,0.9165033,-0.023163531,-0.46003821,0.887597,-0.27758607,-0.7398544,0.6128308,-0.37391344,-0.5867355,0.71828276,0.33343357,0.63583404,-0.69608694,0.7762,0.55983996,-0.2899876,-0.34836555,-0.6441114,0.6810007,0.7113825,-0.14627236,0.687415,0.818341,-0.24700929,0.5189454,0.5262554,-0.45341927,0.7193511,-0.5022543,-0.4080098,0.7624098,-0.04632928,-0.61171085,0.78972375,0.0,0.0,0.0,0.0,0.0,0.0,0.0,0.0,0.0,0.0,0.0,0.0,-0.28541902,0.6637199,-0.6913841,106.313324,-50.72589,259.76648,35.55998,113.80555,88.3773,0.4777769,0.63979524,-0.60198945,-0.7416382,-0.07352925,-0.666758,53.010616,150.58812,58.961914,46.744,-84.338,38.438,-0.33935546875,0.72998046875,0.626953125,-6.0,-6.0,-4.0,-2.0,-4.0,-2.0,-2.0,-10.0,2.0625,0.0,0.0,0.0,0.67486572265625,0.17413330078125,0.40936279296875,0.588623046875,0.17625609,0.4725095,0.86352104,0.12362545,0.16285531,0.9788742,0.24820817,-0.2532398,0.9350199,0.04002042,-0.24201824,0.96944594,0.10425985,0.687499,-0.718662,0.3079986,0.93249446,-0.18865553,0.11686273,-0.22899099,0.96638834,0.3612894,0.53414303,0.7643044,0.5653937,0.5236203,-0.6373003,0.6395289,0.76419544,-0.08371417,-0.17456865,-0.19553845,0.965034,0.24021816,0.5171821,0.82147306,0.0,0.0,0.0,0.0,0.0,0.0,0.0,0.0,0.0,0.0,0.0,0.0,-0.16653083,0.51499444,-0.8408616,92.64562,8.662266,294.85416,51.36381,136.32571,86.410545,-0.052059617,0.3614744,-0.9309275,-0.24840005,-0.90758085,-0.3385179,41.028084,152.14243,39.872902,21.221,-15.307,-3.201,-0.51025390625,0.73876953125,0.51513671875,-17.0,-7.0,-4.0,-1.0,-1.0,-2.0,0.0,-24.0,6.25,0.0,0.0,0.0,0.68890380859375,0.16217041015625,0.4708251953125,0.52667236328125
L,-0.0699188,0.9755813,0.20821236,-0.019936945,0.6142538,0.7888567,0.16391633,-0.61830646,0.7686537,0.05998618,-0.31893116,0.94587773,-0.019644093,0.80101025,-0.5983283,0.042209394,0.9776265,-0.20606974,0.02740456,-0.6296018,0.7764346,0.13849036,0.6774991,0.72236794,0.46864086,0.7259906,-0.5033025,0.517323,0.8522196,-0.07809419,-0.26083317,-0.63984334,0.72288775,0.26319006,0.5239988,0.8100347,0.0,0.0,0.0,0.0,0.0,0.0,0.0,0.0,0.0,0.0,0.0,0.0,-0.22400433,0.39115477,-0.89264774,93.57043,33.12732,319.30908,36.29231,133.14597,91.05822,8.052007E-5,0.73839456,-0.674369,0.013710699,-0.6743064,-0.7383244,29.134148,168.08255,53.476738,47.595,1.165,0.007,-0.46142578125,0.80322265625,0.5068359375,16.0,-6.0,-6.0,0.0,1.0,10.0,2.0,-3.0,12.4375,0.0,0.0,0.0,0.731201171875,0.24371337890625,0.45306396484375,0.44775390625,0.019191796,-0.6412314,0.7671075,0.04760551,-0.7285903,0.68329334,0.08705781,-0.6203001,0.77951825,0.07925722,-0.81482875,0.57425815,0.0103379795,0.6655258,-0.74630314,-0.03721161,0.9986204,-0.037047226,-0.04674304,-0.6453792,0.76243085,-0.055053037,0.18660505,0.9808913,0.36228183,0.6106842,-0.70414245,0.37960145,0.92491126,-0.021020299,-0.3181734,-0.68282324,0.65766114,-0.076691985,0.19987948,0.97681445,0.0,0.0,0.0,0.0,0.0,0.0,0.0,0.0,0.0,0.0,0.0,0.0,-0.24595329,0.45109653,-0.8579154,100.22796,10.990086,325.64816,37.33747,126.3359,106.27836,0.044188436,0.7534485,-0.65602034,0.21481054,-0.64846796,-0.7303052,33.432804,161.43004,68.366264,48.954,18.328,3.854,-0.4384765625,0.8115234375,0.45068359375,-11.0,-9.0,-9.0,-3.0,1.0,-7.0,1.0,7.0,-8.0625,0.0,0.0,0.0,0.71563720703125,0.2572021484375,0.4632568359375,0.4549560546875,-0.010996272,0.26849973,-0.96321696,0.13794148,0.8997665,-0.41399568,0.055236414,-0.2956771,0.95368963,0.14040875,0.4753232,0.8685351,0.028438883,0.24912758,-0.9680531,0.2890736,0.8509879,-0.43847018,-0.079216436,-0.26906943,0.95985746,0.23044816,0.46281323,0.85597754,0.3385334,0.28460005,-0.8968823,0.61443204,0.757094,-0.22199534,-0.36403126,-0.22763309,0.9031414,0.114109896,0.30920714,0.94412386,0.0,0.0,0.0,0.0,0.0,0.0,0.0,0.0,0.0,0.0,0.0,0.0,-0.29075992,0.6051937,-0.7410798,114.78473,-7.7188945,313.3298,40.437145,147.0297,123.83498,0.13835897,0.39827055,-0.90677303,-0.19471791,-0.8867695,-0.41919544,39.706142,165.46269,75.421524,23.712,-12.385,8.675,-0.51220703125,0.74951171875,0.49609375,4.0,3.0,4.0,0.0,3.0,1.0,5.0,10.0,-6.6875,0.0,0.0,0.0,0.74530029296875,0.21160888671875,0.45733642578125,0.4365234375
L,-0.078264765,0.9031896,0.42204648,0.033158705,0.44099447,0.89689714,0.1948288,-0.5410173,0.81813323,0.14926569,-0.42128557,0.8945603,-0.015213987,0.8962694,-0.44324887,0.047829535,0.9986469,-0.020416487,0.05887518,-0.55570203,0.8292943,0.1378347,0.60739446,0.7823514,0.4928225,0.78348213,-0.37852564,0.48994017,0.86996734,0.05581664,-0.22964922,-0.5794892,0.781955,0.19341005,0.5148019,0.8352076,0.0,0.0,0.0,0.0,0.0,0.0,0.0,0.0,0.0,0.0,0.0,0.0,-0.23193951,0.35177955,-0.90689313,91.77386,35.555965,339.70605,34.277706,122.75961,114.893684,-0.0333631,0.6740613,-0.7379216,0.024266852,-0.7375686,-0.67483604,25.72721,152.9703,75.68973,42.41,1.884,-2.589,-0.46923828125,0.75537109375,0.48095703125,2.0,-9.0,-5.0,-1.0,-2.0,-2.0,-16.0,7.0,6.9375,0.0,0.0,0.0,0.67266845703125,0.18450927734375,0.4874267578125,0.525146484375,-0.024769124,-0.6149275,0.7881946,-0.004852138,-0.6953586,0.7186466,0.07394479,-0.46284884,0.8833477,0.017282842,-0.7749728,0.6317582,0.016709113,0.6887233,-0.7248317,0.009269108,0.9523325,-0.30492097,-0.061332926,-0.48338437,0.873257,-0.011472238,0.71413887,0.69991004,0.4419095,0.60429513,-0.6629806,0.45181942,0.85277355,-0.2619859,-0.33675447,-0.5253472,0.78141326,0.12631863,0.68508154,0.7174308,0.0,0.0,0.0,0.0,0.0,0.0,0.0,0.0,0.0,0.0,0.0,0.0,-0.33494997,0.36904097,-0.8669586,117.59255,33.344322,343.44284,34.56083,124.82695,128.52997,0.06685,0.6098544,-0.789689,0.16385841,-0.7874239,-0.59423393,31.63692,151.31194,85.953636,37.678,11.755,4.839,-0.47216796875,0.76953125,0.46337890625,32.0,12.0,7.0,3.0,1.0,0.0,10.0,28.0,-1.25,0.0,0.0,0.0,0.66943359375,0.1854248046875,0.4918212890625,0.52484130859375,-8.3794066E-4,0.7719462,-0.63568735,0.08337111,0.99591434,-0.03469604,0.2672767,-0.18130066,0.9464107,0.1357941,0.504033,0.85294235,0.10429071,0.7543942,-0.6480839,0.24455371,0.9674444,-0.06515035,0.13377245,-0.17068672,0.9762024,0.2516048,0.50262916,0.8270785,0.58010334,0.6997641,-0.41690558,0.4834232,0.84778315,0.21809535,-0.15955038,-0.17052045,0.972351,-0.026223298,0.39023453,0.920342,0.0,0.0,0.0,0.0,0.0,0.0,0.0,0.0,0.0,0.0,0.0,0.0,-0.21266258,0.4386291,-0.87314326,93.00399,24.829935,341.772,40.286446,133.56297,125.326,-0.08464184,0.31110904,-0.9465976,-0.14148211,-0.9441336,-0.29764834,28.626028,146.00359,78.08182,18.194,-8.523,-5.11,-0.50244140625,0.7431640625,0.47021484375,14.0,7.0,2.0,2.0,-1.0,0.0,2.0,11.0,1.375,0.0,0.0,0.0,0.68115234375,0.17315673828125,0.48699951171875,0.5184326171875
L,0.0011061635,-0.621497,0.78341573,6.372728E-4,-0.7305553,0.6828532,0.013108571,-0.6136573,0.78946364,9.1131646E-5,-0.8343916,0.5511722,0.230865,0.9684936,0.09338967,0.1992621,0.86516505,0.46020007,-0.12386666,-0.60753596,0.78457457,0.067643,0.3535408,0.93297017,0.6033895,0.77907777,0.1701734,0.4966465,0.72514063,0.47698346,-0.40497115,-0.5829461,0.70439494,0.1316071,0.38783088,0.9122866,0.0,0.0,0.0,0.0,0.0,0.0,0.0,0.0,0.0,0.0,0.0,0.0,-0.18680872,0.32619372,-0.9266608,100.24882,40.0145,347.29074,52.48165,123.42255,110.3427,0.15555677,0.7146558,-0.6819598,-0.0049849297,-0.6897869,-0.72399527,53.285378,157.98567,71.75623,46.341,-0.414,12.849,-0.3369140625,0.78125,0.5322265625,-7.0,-46.0,-22.0,-8.0,-5.0,0.0,29.0,31.0,9.3125,0.0,0.0,0.0,0.75146484375,0.29034423828125,0.3895263671875,0.4462890625,-0.065524854,-0.53926927,0.83958036,-0.048446752,-0.6319162,0.773521,0.03001265,-0.64256406,0.76564395,-0.027046507,-0.73229504,0.6804502,0.079905346,0.5987782,-0.7969189,0.06739782,0.9976212,-0.014471469,-0.10568788,-0.6540705,0.74901396,-0.045589022,0.06444442,0.9968794,0.38559192,0.5807502,-0.71697146,0.44176197,0.8950592,0.060953263,-0.38002443,-0.66253173,0.6454712,-0.10424854,0.05109776,0.9932378,0.0,0.0,0.0,0.0,0.0,0.0,0.0,0.0,0.0,0.0,0.0,0.0,-0.15467143,0.3517944,-0.9232104,91.030685,32.3381,339.87793,51.481052,122.29226,103.812164,0.11427888,0.7595438,-0.64033866,0.14649066,-0.65039897,-0.74533325,50.83126,158.41226,66.675995,49.867,12.693,10.119,0.0,0.0,0.0,4.0,14.0,5.0,2.0,6.0,4.0,6.0,1.0,0.0,0.0,0.0,0.0,0.0,0.0,0.0,0.0,0.09332075,0.3408478,-0.9354753,0.1107417,0.87030005,-0.47991064,0.08174137,-0.118468106,0.98958766,0.018820185,0.72054833,0.69314927,0.094899595,0.33661914,-0.9368467,0.22327681,0.8396564,-0.49510056,-0.054859646,-0.106091715,0.99284184,0.18246682,0.7162585,0.67355746,0.6055068,0.38322917,-0.69749326,0.60064,0.78207177,-0.1661184,-0.3421593,-0.10655078,0.9335812,0.028958878,0.6343606,0.7724946,0.0,0.0,0.0,0.0,0.0,0.0,0.0,0.0,0.0,0.0,0.0,0.0,-0.12349267,0.34896174,-0.9289646,90.993065,40.32309,353.22235,59.415867,129.55293,115.68522,0.09908195,0.24821635,-0.9636241,-0.09327379,-0.9618089,-0.2573394,56.949432,139.14473,64.83164,14.445,-5.539,5.871,0.0,0.0,0.0,0.0,-3.0,-2.0,0.0,-2.0,0.0,-1.0,-6.0,0.0,0.0,0.0,0.0,0.0,0.0,0.0,0.0
L,0.004881011,-0.50252205,0.86455065,0.01170321,-0.55928886,0.8288902,0.17808461,-0.4612612,0.8692089,0.019724682,-0.62331367,0.7817231,0.0672933,0.99615014,-0.05618253,0.07065745,0.92452353,0.37451786,0.042303402,-0.4795323,0.87650394,0.044685323,0.3938688,0.9180799,0.47520432,0.839144,-0.26460943,0.42006907,0.8918823,0.1675944,-0.24321388,-0.5171089,0.8206372,0.096188225,0.50953645,0.85505575,0.0,0.0,0.0,0.0,0.0,0.0,0.0,0.0,0.0,0.0,0.0,0.0,-0.18416391,0.2068917,-0.9608743,116.97453,71.04669,415.31506,67.250275,126.90745,155.879,-0.024127588,0.6061523,-0.79498255,0.07400442,-0.7919493,-0.60608554,58.667465,155.65852,110.13536,37.325,5.339,-1.738,-0.37939453125,0.7646484375,0.48779296875,8.0,-6.0,5.0,3.0,5.0,-4.0,-1.0,-25.0,5.6875,0.0,0.0,0.0,0.6522216796875,0.20025634765625,0.4661865234375,0.5631103515625,-0.10737108,-0.6027327,0.7906862,-0.07390273,-0.6887206,0.72125053,0.1006875,-0.5664579,0.81791645,-0.03385053,-0.77694046,0.6286634,0.049133502,0.5147112,-0.8559546,-0.019178394,0.89120215,-0.45320073,-0.031098306,-0.59987336,0.79949045,-0.12293422,0.6791503,0.72363114,0.20458192,0.59776175,-0.7751304,0.23382095,0.9065704,-0.3513657,-0.29740143,-0.6584967,0.69132805,0.06529839,0.6206886,0.7813333,0.0,0.0,0.0,0.0,0.0,0.0,0.0,0.0,0.0,0.0,0.0,0.0,-0.11123526,0.22513033,-0.9679582,91.58079,62.126705,397.49783,61.547268,122.911896,136.14912,0.020058865,0.71385014,-0.7000112,0.26767874,-0.6784262,-0.6841681,56.443832,157.20528,93.8326,45.561,21.532,1.641,-0.3681640625,0.8359375,0.47216796875,-18.0,3.0,4.0,-2.0,-3.0,-3.0,0.0,-9.0,-2.0625,0.0,0.0,0.0,0.63897705078125,0.2109375,0.47027587890625,0.57098388671875,-0.09270382,0.26441386,-0.9599434,-0.029285884,0.8631068,-0.5041716,0.20783615,-0.29131022,0.9337786,0.09697304,0.63003093,0.77049154,-0.06967994,0.26722896,-0.9611105,0.109036766,0.8576824,-0.50248575,0.07229295,-0.28828013,0.9548131,0.22005825,0.594196,0.77363133,0.073813036,0.3032853,-0.9500367,0.35889733,0.80901754,-0.46549267,-0.21986946,-0.29586685,0.9295807,0.30719778,0.4987554,0.8104767,0.0,0.0,0.0,0.0,0.0,0.0,0.0,0.0,0.0,0.0,0.0,0.0,-0.14849254,0.44040594,-0.88543355,110.91602,24.967918,390.97522,70.82304,143.87752,151.90816,-0.030549746,0.4251881,-0.9045893,-0.08558728,-0.9028006,-0.42145687,61.212406,163.4296,101.72728,25.175,-5.416,-1.934,-0.41796875,0.77197265625,0.49658203125,-8.0,2.0,-2.0,0.0,-1.0,-4.0,-8.0,-37.0,-3.625,0.0,0.0,0.0,0.65850830078125,0.18450927734375,0.46990966796875,0.55804443359375
L,0.00759953,0.9294166,-0.36895394,0.07812348,0.8209119,0.56568575,0.1571019,-0.5252631,0.83631194,0.06113139,-0.3463958,0.9360945,-0.032791972,0.6136931,-0.7888635,0.114114,0.941417,-0.31735185,0.02095836,-0.52164096,0.8529076,0.24931109,0.58389544,0.7725996,0.5844,0.78954506,-0.18733694,0.5658665,0.8072826,0.16760013,-0.26992562,-0.5097686,0.8168697,0.30435723,0.5209084,0.79750925,0.0,0.0,0.0,0.0,0.0,0.0,0.0,0.0,0.0,0.0,0.0,0.0,-0.18182161,0.41298774,-0.8924024,92.144936,17.382116,307.18777,47.072647,119.758835,85.967575,0.023236306,0.6395796,-0.7683736,-0.09813291,-0.7634102,-0.6384158,40.872517,149.07191,45.655678,39.773,-7.325,1.732,0.0,0.0,0.0,0.0,0.0,0.0,0.0,0.0,0.0,0.0,0.0,0.0,0.0,0.0,0.0,0.0,0.0,0.0,0.0,0.025922842,-0.5286364,0.8484524,0.061237387,-0.6531078,0.75478476,0.089145094,-0.46150213,0.8826489,0.09841454,-0.77117383,0.62897176,-0.004403185,0.7619343,-0.6476393,-0.03414398,0.9879262,-0.15111569,-0.044811,-0.4888614,0.8712099,-0.057315744,0.58465743,0.8092531,0.40896356,0.71564573,-0.5662155,0.3724387,0.92395693,-0.08713824,-0.31686595,-0.54447335,0.77662396,0.013316873,0.5608941,0.82778054,0.0,0.0,0.0,0.0,0.0,0.0,0.0,0.0,0.0,0.0,0.0,0.0,-0.12952554,0.42414784,-0.8962822,81.10006,8.911595,310.48047,48.991596,114.054825,88.2985,0.043097705,0.6151619,-0.78722197,0.2093019,-0.7760283,-0.59495616,45.12152,140.50204,45.77421,38.005,15.094,3.134,-0.4248046875,0.79443359375,0.501953125,19.0,21.0,4.0,-8.0,-4.0,-6.0,7.0,17.0,0.375,0.0,0.0,0.0,0.669677734375,0.1920166015625,0.4669189453125,0.5445556640625,-0.1681542,0.53327453,-0.82906127,-0.09106361,0.93527466,-0.3420069,0.16615956,-0.38114995,0.90945894,0.12094359,0.6331479,0.7645237,-0.026319848,0.5541882,-0.8319752,0.11282923,0.93507504,-0.33601215,0.029808413,-0.3797184,0.9246218,0.21740754,0.5980771,0.7713869,0.35849765,0.6011371,-0.7142224,0.48302683,0.8705834,-0.09364581,-0.26092595,-0.3838427,0.8857666,0.17084327,0.3738595,0.9116149,0.0,0.0,0.0,0.0,0.0,0.0,0.0,0.0,0.0,0.0,0.0,0.0,-0.25131655,0.48844954,-0.8356178,108.02447,4.1868925,303.5912,45.72488,125.270065,96.447495,0.009512009,0.5109721,-0.8595447,-0.06576414,-0.8574029,-0.51042664,38.952488,147.63222,51.986095,30.73,-4.386,0.634,-0.431640625,0.7841796875,0.4951171875,-6.0,-4.0,-4.0,-2.0,-1.0,-2.0,-6.0,-14.0,0.4375,0.0,0.0,0.0,0.67047119140625,0.1829833984375,0.46783447265625,0.54583740234375
U,-0.28320023,0.25076672,-0.9256964,0.5137525,0.37635368,-0.770984,0.18438971,-0.4130984,0.89182407,0.86283076,0.02145807,0.5050373,-0.29994813,0.24202625,-0.92274296,0.46673337,0.2559948,-0.846538,0.15898311,-0.28881577,0.944092,0.9227022,-0.063177824,0.38030133,-0.14602138,0.16144478,-0.97601914,0.5724384,0.016044555,-0.8197907,0.06304107,-0.016866582,0.9978684,0.8675813,-0.2120588,0.44981527,0.0,0.0,0.0,0.0,0.0,0.0,0.0,0.0,0.0,0.0,0.0,0.0,-0.2893178,0.28079414,-0.91512287,145.24696,68.55059,373.3153,67.131165,144.36502,126.23214,-0.007833998,0.2912891,-0.956603,-0.9823522,-0.18101946,-0.04707621,61.039856,166.47307,76.564255,16.936,-79.559,-0.469,0.0,0.0,0.0,-20.0,-6.0,-4.0,-6.0,-8.0,-9.0,-4.0,-11.0,0.0,0.0,0.0,0.0,0.0,0.0,0.0,0.0,-0.025525538,0.4925804,-0.8698924,0.003337055,-0.09191674,-0.99576104,-0.11003904,-0.74007463,0.6634613,0.046656918,-0.9476331,-0.31593475,-0.10157707,0.4397141,-0.89237523,-0.14401755,-0.11526619,-0.98283905,0.027007703,-0.74229056,0.66953367,-0.09453019,-0.9451213,-0.31274554,-0.46304256,-0.40705514,-0.7873358,-0.32891464,-0.75061756,-0.57305187,0.31315985,-0.6778631,0.665156,0.017889583,-0.9998399,9.170155E-5,0.0,0.0,0.0,0.0,0.0,0.0,0.0,0.0,0.0,0.0,0.0,0.0,-0.17884701,0.46197155,-0.8686749,88.92592,8.724807,328.8629,40.63722,133.45712,94.32071,-0.054787833,0.6336476,-0.7716793,-0.015659636,0.77219975,0.6351868,45.22139,171.36739,55.14718,39.39,-178.838,-4.061,-0.248046875,0.59033203125,0.78857421875,-10.0,-6.0,-3.0,0.0,1.0,1.0,-2.0,-14.0,1.625,0.0,0.0,0.0,0.65576171875,0.12188720703125,0.30865478515625,0.67803955078125,0.0,0.0,0.0,0.0,0.0,0.0,0.0,0.0,0.0,0.0,0.0,0.0,0.0,0.0,0.0,0.0,0.0,0.0,0.0,0.0,0.0,0.0,0.0,0.0,0.0,0.0,0.0,0.0,0.0,0.0,0.0,0.0,0.0,0.0,0.0,0.0,0.0,0.0,0.0,0.0,0.0,0.0,0.0,0.0,0.0,0.0,0.0,0.0,0.0,0.0,0.0,0.0,0.0,0.0,0.0,0.0,0.0,0.0,0.0,0.0,0.0,0.0,0.0,0.0,0.0,0.0,0.0,0.0,0.0,-0.4375,0.71240234375,0.53564453125,5.0,7.0,14.0,4.0,1.0,-1.0,0.0,-9.0,27.625,0.0,0.0,0.0,0.6722412109375,0.16046142578125,0.451416015625,0.5643310546875
U,0.09586605,0.5680812,-0.8173698,0.75874394,0.6173535,-0.20780344,0.34935343,-0.4987421,0.7932266,0.5911331,-0.11396031,0.7984827,-0.4038652,0.37541935,-0.8342381,0.27937156,0.591306,-0.7565109,0.28892043,-0.40165251,0.8690226,0.93848217,0.17451473,0.29798648,0.829381,0.19761147,-0.52256763,0.9710707,0.18244007,-0.15406878,0.11537002,-0.19019546,0.9749439,0.84590113,0.08835869,0.52596974,0.0,0.0,0.0,0.0,0.0,0.0,0.0,0.0,0.0,0.0,0.0,0.0,-0.2813097,0.43720448,-0.8542348,111.98565,29.041527,308.64664,40.054493,140.83513,90.217995,-0.14700556,0.4543494,-0.87861025,-0.8770787,-0.47053793,-0.096576594,25.647018,167.60616,48.266735,27.345,-61.787,-9.499,-0.47021484375,0.63916015625,0.65234375,-22.0,-9.0,0.0,0.0,-5.0,-2.0,-1.0,-21.0,-40.4375,0.0,0.0,0.0,0.7840576171875,0.1719970703125,0.38299560546875,0.45703125,-0.14258309,-0.6065321,-0.7821693,-0.12169497,-0.8200216,-0.5592449,0.014845332,-0.520026,0.8540214,-0.05304481,-0.99849313,-0.014060925,-0.34458408,-0.53225654,-0.77328175,-0.30583987,-0.76215464,-0.5705982,0.15045598,-0.5289457,0.83521223,-0.15354629,-0.98711574,-0.045011457,-0.615621,-0.30637223,-0.7260488,-0.5508486,-0.67632633,-0.48902807,0.4308302,-0.4860395,0.76036227,-0.16530825,-0.9730443,0.16080458,0.0,0.0,0.0,0.0,0.0,0.0,0.0,0.0,0.0,0.0,0.0,0.0,-0.19471173,0.72718084,-0.65825176,69.68183,-52.441128,247.53088,19.89386,133.49971,79.21529,-0.19829682,0.39827055,-0.89557743,0.11338259,0.9169089,0.3826519,17.24499,157.43333,33.34224,23.975,172.951,-12.485,-0.30517578125,0.52001953125,0.8046875,26.0,5.0,-3.0,-2.0,-6.0,0.0,4.0,80.0,1.4375,0.0,0.0,0.0,0.76751708984375,0.1224365234375,0.29046630859375,0.55810546875,0.07158493,0.69916683,-0.71136576,0.4762311,0.74590904,-0.4656433,0.24453372,-0.5890788,0.77018785,0.89493316,0.2919385,0.33744103,0.29985568,0.5825949,-0.7554269,0.6867762,0.55718577,-0.4667786,0.18375355,-0.49489582,0.8493014,0.9248462,0.14820714,0.35027748,0.14315853,0.18041115,-0.97311735,0.71090084,0.19657443,-0.67526174,0.0150214,-0.28167596,0.959392,0.8783119,0.022181947,0.47757336,0.0,0.0,0.0,0.0,0.0,0.0,0.0,0.0,0.0,0.0,0.0,0.0,-0.2880834,0.54086924,-0.79023314,113.708275,1.0108426,297.30237,40.04507,139.31161,95.23899,-0.038519803,0.53805786,-0.8420273,-0.8926828,-0.39719182,-0.2129696,31.181389,170.57007,54.884117,32.579,-66.014,-2.619,-0.482421875,0.64501953125,0.58203125,-5.0,-2.0,0.0,0.0,0.0,-1.0,-3.0,-32.0,29.75,0.0,0.0,0.0,0.76849365234375,0.1904296875,0.419677734375,0.4437255859375
U,0.39350563,0.78117204,-0.484689,0.7763918,0.61493105,0.13811423,0.2284567,-0.42007175,0.8782639,0.55633646,-0.16493693,0.8144235,0.40566197,0.61274767,-0.67821735,0.8339708,0.5477612,-0.066711545,0.1451775,-0.32637608,0.93402475,0.5889347,-0.07020882,0.80512524,0.9549836,0.26857835,0.12598428,0.9292853,0.22255486,0.29478478,-0.065217644,-0.12960581,0.9894185,0.80356646,0.1184533,0.5833093,0.0,0.0,0.0,0.0,0.0,0.0,0.0,0.0,0.0,0.0,0.0,0.0,-0.33315414,0.4231938,-0.8425647,127.564865,19.756565,287.23874,44.978325,124.66331,78.37294,-0.009829711,0.39327112,-0.91937,-0.7915865,-0.5648295,-0.23314887,37.075325,146.99812,34.084732,23.159,-54.491,-0.613,-0.46923828125,0.65625,0.646484375,0.0,-2.0,-6.0,0.0,3.0,5.0,1.0,7.0,-49.75,0.0,0.0,0.0,0.7154541015625,0.127685546875,0.40911865234375,0.55169677734375,-0.207409,0.9294164,-0.30523208,-0.04269989,0.9640618,0.26222426,0.08659116,-0.9907293,0.10467781,0.29056567,-0.046664882,0.95571655,-0.07635591,0.94763654,-0.31008813,0.18542148,0.9511648,0.24678852,-0.04513637,-0.9886953,0.14298344,0.41475186,-0.12049053,0.90192187,0.15440051,0.9291479,-0.33592358,0.5332573,0.81857634,0.2134699,-0.32904053,-0.92646843,0.18272524,0.46848446,-0.3591478,0.8071773,0.0,0.0,0.0,0.0,0.0,0.0,0.0,0.0,0.0,0.0,0.0,0.0,-0.10098636,0.43544415,-0.89453346,51.673737,18.635668,253.20695,26.639936,126.57918,31.458456,0.115971655,0.9932124,-0.008928716,-0.27880734,0.023924131,-0.96004903,24.611908,176.71275,29.165392,89.485,-94.904,85.597,-0.32666015625,0.5400390625,0.796875,-8.0,-3.0,-3.0,-2.0,-1.0,5.0,7.0,-12.0,2.875,0.0,0.0,0.0,0.6746826171875,0.0836181640625,0.31329345703125,0.6629638671875,0.4914973,0.75884825,-0.42729348,0.6665075,0.7437364,0.051223323,0.056120995,-0.48351097,0.87353736,0.54520303,0.26797405,0.79431957,-0.15008135,0.28882912,-0.9455438,0.33302045,0.5882517,-0.7369242,-0.042189356,-0.3979611,0.91643167,0.780886,0.43640938,0.44694963,0.17098291,0.009795218,-0.9852253,0.6858409,0.18698801,-0.7033191,-0.26995173,-0.21443485,0.9386926,0.78872776,0.2767689,0.54891497,0.0,0.0,0.0,0.0,0.0,0.0,0.0,0.0,0.0,0.0,0.0,0.0,-0.28534916,0.334246,-0.89825135,112.78771,43.96992,306.86536,42.05168,126.82713,84.19523,0.16735142,0.46834534,-0.8675518,-0.69078296,-0.5721425,-0.442122,42.68586,152.48978,41.023773,28.362,-50.367,10.918,-0.458984375,0.689453125,0.54052734375,1.0,5.0,1.0,-2.0,-2.0,-1.0,1.0,24.0,22.0625,0.0,0.0,0.0,0.6904296875,0.1578369140625,0.4501953125,0.54376220703125
U,0.7458173,0.64689845,-0.15899344,0.8956611,0.3095466,0.3193308,0.15126847,-0.5056861,0.84935236,0.5446666,-0.33717272,0.76788867,0.033663653,0.42965817,-0.9023639,0.5267933,0.5129715,-0.677753,0.087555654,-0.4013985,0.9117091,0.9253878,0.20327978,0.31989792,0.96697754,0.07268458,0.2442772,0.9279095,0.061349172,0.36772305,-0.08154331,-0.17213643,0.98169225,0.8117876,0.037226144,0.5827651,0.0,0.0,0.0,0.0,0.0,0.0,0.0,0.0,0.0,0.0,0.0,0.0,-0.31036076,0.59471685,-0.7416118,104.857445,-9.979952,302.00647,27.921225,137.44612,118.16617,0.0580817,0.4406991,-0.8957739,-0.8855521,-0.3915111,-0.25003293,24.062857,163.39583,75.33541,26.196,-66.149,3.71,-0.46240234375,0.67724609375,0.60791015625,18.0,1.0,-11.0,-5.0,-1.0,-1.0,1.0,6.0,-58.625,0.0,0.0,0.0,0.6971435546875,0.1240234375,0.4261474609375,0.56292724609375,-0.08432806,0.68916476,-0.719681,0.0032298302,0.19227296,-0.98133624,0.0474382,-0.5181064,0.8539996,0.156572,-0.9034669,-0.3990398,-0.19960906,0.12317778,-0.9721026,-0.13790506,-0.40534735,-0.90370107,0.18235089,-0.4934147,0.85046476,0.085524924,-0.9958901,-0.029808862,-0.12545814,-0.96624196,-0.22502594,-0.041704506,-0.9935172,-0.10575481,0.45026916,-0.38213742,0.8069874,0.11529129,-0.9859935,0.1205186,0.0,0.0,0.0,0.0,0.0,0.0,0.0,0.0,0.0,0.0,0.0,0.0,-0.14289445,0.2912323,-0.94592017,59.246334,49.126167,310.46506,23.823814,121.32058,75.978165,-0.18997401,0.3562876,-0.9148601,-0.15623677,0.90898424,0.3864424,20.569094,144.10425,31.33448,21.278,-170.247,-11.731,-0.3916015625,0.529296875,0.7568359375,-6.0,-4.0,-6.0,-8.0,-7.0,-2.0,-4.0,30.0,6.875,0.0,0.0,0.0,0.6829833984375,0.06793212890625,0.34320068359375,0.64111328125,-0.33073303,0.27157962,-0.90380317,-4.0069903E-4,0.7206518,-0.69329715,0.25691533,-0.4029629,0.87841636,0.5658887,0.7120591,0.41562212,-0.21640776,0.2199701,-0.9511997,0.16927597,0.6101632,-0.77398103,0.14394094,-0.34311306,0.9281995,0.6693852,0.6568675,0.34705696,0.15309562,0.10483603,-0.9826348,0.58989185,0.3935987,-0.7050587,-0.12080243,-0.22296973,0.9673114,0.7277357,0.48101163,0.48890564,0.0,0.0,0.0,0.0,0.0,0.0,0.0,0.0,0.0,0.0,0.0,0.0,-0.29260075,0.46855626,-0.83357054,104.11187,18.474848,312.80563,31.578222,134.62662,106.16943,-0.03756003,0.4458041,-0.8943422,-0.5546288,-0.753772,-0.35244092,21.698639,157.11813,62.35993,26.495,-36.346,-2.405,-0.4716796875,0.7265625,0.53271484375,-3.0,-1.0,-8.0,-5.0,-8.0,-3.0,-8.0,-6.0,8.6875,0.0,0.0,0.0,0.6868896484375,0.159912109375,0.4708251953125,0.52984619140625
U,0.8088969,0.3083574,-0.5006011,0.99565744,-0.009539097,0.092603564,0.16938238,-0.4752037,0.8634183,0.46995953,-0.40970463,0.7818441,0.6991726,0.17132027,-0.6941232,0.9861749,-0.061782677,-0.15375927,0.16437322,-0.35113877,0.9217825,0.6343924,-0.3326541,0.69777334,0.94645375,-0.2804517,0.15991308,0.8800944,-0.2511175,0.40295634,0.110450424,-0.07129996,0.9913209,0.66444165,-0.17350903,0.72691953,0.0,0.0,0.0,0.0,0.0,0.0,0.0,0.0,0.0,0.0,0.0,0.0,-0.153463,0.63125527,-0.7602407,96.54116,-17.396225,298.62106,57.30053,144.01634,104.22678,-0.015205262,0.33326128,-0.9427119,-0.9991542,-0.04108977,0.0015898517,52.159363,167.69118,58.43113,19.469,-87.645,-0.924,-0.34326171875,0.55810546875,0.736328125,0.0,-2.0,1.0,-3.0,-6.0,-10.0,-4.0,-3.0,-28.0,0.0,0.0,0.0,0.80499267578125,0.185791015625,0.32452392578125,0.46044921875,0.056643,-0.4169226,-0.9071753,0.05737557,-0.8650881,-0.4983279,-0.20951496,-0.6349455,0.7436045,0.021556761,-0.92402285,0.38172904,-0.050054424,-0.50138533,-0.863775,-0.14871079,-0.8891671,-0.43274367,-0.07387572,-0.64231294,0.76287377,-0.19502093,-0.8909138,0.41017,-0.03205974,-0.9631938,0.2668891,0.029781077,-0.91558516,0.40101984,0.21473815,-0.59175664,0.77698874,0.11442352,-0.81284165,0.5711354,0.0,0.0,0.0,0.0,0.0,0.0,0.0,0.0,0.0,0.0,0.0,0.0,-0.17845595,0.5640274,-0.8062422,80.02174,-31.049454,295.25568,34.39039,113.1729,89.09877,0.049074598,0.521834,-0.85163426,-0.02769429,0.85304475,0.52110237,43.99435,143.33524,48.08451,31.498,-178.141,3.298,-0.201171875,0.546875,0.83251953125,11.0,6.0,-1.0,0.0,-1.0,3.0,4.0,-16.0,2.875,0.0,0.0,0.0,0.7843017578125,0.16925048828125,0.2432861328125,0.544921875,0.46820688,0.8424343,-0.26662076,0.5700589,0.80624557,0.15811737,0.079388484,-0.4604001,0.8841545,0.47551376,0.36958048,0.7983088,0.569867,0.7521007,-0.33105323,0.6975998,0.7106938,0.09093292,-0.03144485,-0.3883925,0.9209573,0.5781422,0.29972756,0.75889057,0.8878962,0.45769322,0.04644637,0.7873596,0.3991328,0.46984863,-0.2826118,-0.23707911,0.9294752,0.31661928,0.14874846,0.936817,0.0,0.0,0.0,0.0,0.0,0.0,0.0,0.0,0.0,0.0,0.0,0.0,-0.13347155,0.42795777,-0.89388895,94.01203,36.51107,327.9108,59.883232,145.94028,99.34254,0.14356066,0.4756651,-0.86783236,-0.5859538,-0.66582894,-0.46187663,59.070305,171.69147,54.39382,28.727,-41.349,9.393,-0.41357421875,0.697265625,0.5888671875,10.0,13.0,6.0,6.0,5.0,1.0,4.0,-6.0,21.875,0.0,0.0,0.0,0.7808837890625,0.23760986328125,0.38653564453125,0.42926025390625
