I,-1.0,-2.0,-1.0,-2.0,-3.0,4.0,5.0,-1.0,8.0,-2.0,8.0,5.0,3.0,0.0,-1.0,6.0,-2.0,-1.0,-4.0,-2.0,-6.0,-5.0,-2.0,-8.0,34.0,10.0,-7.0,0.0,-8.0,-7.0,-12.0,2.0,-7.0,-15.0,-9.0,-7.0,-7.0,-7.0,-9.0,-3.0,3.0,-8.0,-19.0,-4.0,3.0,4.0,2.0,-2.0,-3.0,-4.0,1.0,5.0,6.0,-1.0,-6.0,-3.0,1.0,4.0,9.0,24.0,12.0,-1.0,-24.0,-1.0
I,-1.0,-2.0,-7.0,-8.0,-10.0,-7.0,-3.0,-2.0,-7.0,-9.0,-4.0,-2.0,-3.0,-3.0,-6.0,-13.0,-2.0,0.0,-1.0,-5.0,-3.0,-4.0,-2.0,0.0,-22.0,-28.0,-9.0,-8.0,-2.0,-3.0,5.0,-15.0,0.0,-4.0,-2.0,-1.0,3.0,-1.0,-3.0,-3.0,6.0,11.0,-11.0,-10.0,5.0,-11.0,4.0,-1.0,-2.0,1.0,4.0,8.0,14.0,3.0,-3.0,-1.0,4.0,2.0,-2.0,5.0,-10.0,-8.0,-10.0,-7.0
I,-1.0,-2.0,1.0,-1.0,-1.0,-2.0,-2.0,-2.0,-5.0,-7.0,-8.0,-8.0,-4.0,-2.0,1.0,2.0,-1.0,-3.0,-2.0,-1.0,-1.0,-8.0,-5.0,-4.0,-9.0,-11.0,3.0,-12.0,-14.0,-3.0,34.0,19.0,-1.0,-2.0,2.0,7.0,4.0,-5.0,-6.0,-2.0,-6.0,4.0,-8.0,26.0,20.0,-1.0,-9.0,-16.0,-3.0,-4.0,-7.0,-11.0,-9.0,-3.0,2.0,-3.0,0.0,8.0,-6.0,-23.0,-28.0,-11.0,3.0,13.0
I,-1.0,0.0,1.0,-7.0,-4.0,7.0,1.0,-1.0,2.0,-3.0,-6.0,-5.0,-2.0,-1.0,0.0,5.0,-3.0,2.0,1.0,-1.0,3.0,3.0,-3.0,-7.0,-15.0,-7.0,1.0,0.0,-9.0,-6.0,-11.0,-3.0,0.0,5.0,6.0,4.0,4.0,1.0,-1.0,0.0,11.0,16.0,23.0,9.0,7.0,2.0,-5.0,12.0,-2.0,-3.0,-9.0,-6.0,-6.0,2.0,-2.0,-1.0,12.0,12.0,-8.0,6.0,7.0,-5.0,-7.0,21.0
I,-2.0,-1.0,0.0,-2.0,-1.0,-1.0,-1.0,2.0,7.0,-5.0,-6.0,-2.0,-1.0,-2.0,-1.0,5.0,1.0,-3.0,-4.0,-6.0,-13.0,-18.0,-6.0,1.0,-13.0,-7.0,-3.0,-1.0,3.0,-4.0,-16.0,-14.0,-4.0,-1.0,-1.0,-5.0,-3.0,3.0,-1.0,-6.0,-10.0,-8.0,-15.0,-12.0,-19.0,-16.0,2.0,-12.0,-2.0,-1.0,2.0,-4.0,1.0,10.0,3.0,2.0,20.0,24.0,16.0,-9.0,-12.0,7.0,21.0,14.0
I,-2.0,1.0,-1.0,-3.0,-1.0,-2.0,-3.0,0.0,-3.0,-3.0,-3.0,0.0,1.0,0.0,3.0,2.0,-2.0,-4.0,-6.0,-7.0,-8.0,-9.0,-4.0,-7.0,14.0,19.0,5.0,6.0,-1.0,-2.0,-15.0,-15.0,-2.0,3.0,12.0,13.0,10.0,0.0,-5.0,-21.0,-1.0,-5.0,2.0,-17.0,-2.0,15.0,13.0,37.0,-5.0,3.0,-10.0,-19.0,-19.0,-5.0,1.0,-6.0,-3.0,-13.0,-32.0,-27.0,-23.0,-4.0,15.0,-19.0
I,-5.0,-6.0,-11.0,-9.0,-3.0,-1.0,-1.0,0.0,-1.0,0.0,1.0,3.0,0.0,-1.0,0.0,0.0,2.0,10.0,-9.0,-6.0,-2.0,4.0,17.0,15.0,-4.0,-4.0,-8.0,-6.0,-11.0,-5.0,-4.0,-8.0,23.0,15.0,8.0,6.0,-8.0,1.0,-13.0,-4.0,-1.0,-3.0,-9.0,-16.0,-9.0,-4.0,1.0,0.0,-2.0,2.0,16.0,19.0,7.0,-2.0,-17.0,-14.0,-3.0,-8.0,-8.0,-2.0,-6.0,-6.0,-5.0,-15.0
I,-6.0,-6.0,3.0,0.0,4.0,-1.0,-4.0,3.0,-2.0,-2.0,-3.0,-4.0,-8.0,-8.0,-2.0,-2.0,-19.0,-4.0,-5.0,-5.0,-7.0,-6.0,-26.0,0.0,-1.0,-4.0,-7.0,-3.0,-8.0,-10.0,-6.0,-4.0,11.0,14.0,11.0,7.0,-17.0,9.0,-5.0,20.0,1.0,2.0,1.0,9.0,7.0,-7.0,-12.0,-5.0,23.0,23.0,6.0,-5.0,9.0,6.0,-10.0,9.0,0.0,-1.0,2.0,0.0,-3.0,6.0,5.0,-4.0
I,0.0,-2.0,-1.0,-6.0,-2.0,6.0,1.0,-1.0,4.0,7.0,4.0,0.0,0.0,-1.0,2.0,7.0,0.0,-1.0,0.0,2.0,4.0,-3.0,-7.0,-3.0,-11.0,-8.0,-3.0,-3.0,-15.0,-16.0,-2.0,-9.0,-4.0,-7.0,-8.0,-9.0,-9.0,-12.0,-5.0,3.0,-7.0,-23.0,-18.0,-6.0,21.0,11.0,-12.0,-12.0,-10.0,-6.0,-2.0,-5.0,-8.0,-3.0,0.0,-5.0,-11.0,-12.0,-21.0,-20.0,-31.0,-23.0,-24.0,-16.0
I,0.0,0.0,0.0,0.0,0.0,0.0,0.0,0.0,0.0,-2.0,-1.0,-4.0,-2.0,-7.0,-1.0,1.0,1.0,2.0,3.0,3.0,8.0,2.0,1.0,7.0,1.0,1.0,0.0,-1.0,2.0,4.0,-6.0,-4.0,-32.0,-25.0,1.0,-16.0,-15.0,-13.0,-38.0,-62.0,-3.0,-4.0,-7.0,-5.0,-8.0,-8.0,-2.0,-3.0,-26.0,-35.0,-58.0,-63.0,-33.0,-5.0,-7.0,-48.0,-3.0,-3.0,5.0,10.0,11.0,5.0,1.0,-3.0
I,0.0,0.0,0.0,0.0,0.0,0.0,0.0,0.0,1.0,3.0,5.0,0.0,2.0,2.0,2.0,5.0,-4.0,-7.0,-15.0,-21.0,-10.0,-27.0,-26.0,-21.0,-1.0,0.0,-4.0,-8.0,-5.0,-8.0,2.0,10.0,5.0,5.0,-32.0,-21.0,-9.0,-14.0,-16.0,-19.0,-2.0,0.0,3.0,1.0,3.0,3.0,2.0,13.0,-2.0,13.0,-20.0,-7.0,-3.0,-1.0,5.0,-24.0,-6.0,-5.0,-4.0,-19.0,-19.0,-17.0,-11.0,4.0
I,0.0,2.0,1.0,2.0,1.0,1.0,-1.0,-1.0,-4.0,-11.0,4.0,1.0,0.0,-3.0,-2.0,1.0,1.0,2.0,-4.0,-8.0,0.0,3.0,4.0,-1.0,-6.0,-5.0,-4.0,-3.0,-5.0,4.0,5.0,-14.0,-3.0,-8.0,-10.0,-9.0,-7.0,-4.0,-3.0,-4.0,-16.0,-6.0,-12.0,-6.0,-4.0,-5.0,-9.0,0.0,-5.0,-10.0,-10.0,-15.0,-13.0,-4.0,-2.0,-4.0,-5.0,-1.0,-9.0,-10.0,2.0,-10.0,-2.0,6.0
I,1.0,1.0,3.0,4.0,0.0,6.0,5.0,2.0,-4.0,0.0,-1.0,-1.0,-1.0,-1.0,-3.0,-5.0,0.0,-2.0,-4.0,-4.0,-3.0,-2.0,-2.0,-3.0,-1.0,-3.0,7.0,8.0,4.0,9.0,-7.0,-10.0,-1.0,0.0,1.0,1.0,1.0,4.0,3.0,1.0,-6.0,-9.0,-16.0,-11.0,-5.0,-8.0,-4.0,-16.0,-2.0,-3.0,-6.0,-9.0,-12.0,-6.0,1.0,-2.0,1.0,-18.0,-31.0,11.0,10.0,-7.0,4.0,12.0
I,1.0,4.0,-3.0,-3.0,1.0,0.0,0.0,6.0,0.0,0.0,0.0,0.0,0.0,0.0,0.0,0.0,-15.0,2.0,4.0,-2.0,-2.0,-8.0,-27.0,-7.0,0.0,-2.0,-7.0,-7.0,-8.0,1.0,2.0,0.0,-8.0,-5.0,-6.0,-1.0,23.0,27.0,17.0,7.0,-4.0,-6.0,-19.0,-18.0,-18.0,-16.0,-7.0,-6.0,-1.0,-8.0,-21.0,-1.0,-11.0,-12.0,-2.0,-1.0,-5.0,-4.0,-3.0,-15.0,-6.0,-4.0,-2.0,1.0
I,2.0,-1.0,-8.0,-6.0,-5.0,-1.0,0.0,1.0,-1.0,-1.0,1.0,4.0,0.0,-1.0,-3.0,0.0,15.0,-2.0,-8.0,-5.0,-1.0,1.0,11.0,30.0,1.0,-5.0,-4.0,-7.0,-7.0,-6.0,0.0,-1.0,-8.0,-7.0,-9.0,-10.0,-9.0,-11.0,1.0,12.0,-7.0,-6.0,-5.0,-9.0,-6.0,2.0,-4.0,-6.0,-4.0,19.0,54.0,36.0,7.0,-2.0,4.0,-11.0,-4.0,-8.0,-8.0,-20.0,-15.0,4.0,1.0,-4.0
I,2.0,1.0,5.0,4.0,5.0,1.0,1.0,9.0,-1.0,-1.0,-1.0,-12.0,-11.0,-4.0,-6.0,1.0,19.0,-12.0,-11.0,-9.0,-5.0,-1.0,-7.0,26.0,-4.0,-1.0,7.0,7.0,3.0,2.0,-1.0,-12.0,-19.0,-5.0,-13.0,1.0,-4.0,-24.0,-9.0,-7.0,-2.0,-2.0,-2.0,-14.0,-16.0,1.0,4.0,17.0,3.0,12.0,6.0,9.0,3.0,5.0,-18.0,-1.0,-7.0,-5.0,-7.0,-15.0,-18.0,-6.0,-2.0,-9.0
I,4.0,4.0,-2.0,-4.0,-1.0,0.0,1.0,-1.0,0.0,-4.0,-7.0,-3.0,0.0,-7.0,-4.0,-1.0,-5.0,2.0,14.0,8.0,-3.0,-7.0,-2.0,-25.0,-4.0,-7.0,-8.0,-13.0,-7.0,-7.0,-4.0,-24.0,0.0,-28.0,-36.0,-31.0,-11.0,17.0,-21.0,19.0,0.0,-2.0,-7.0,-2.0,-3.0,-5.0,-4.0,-10.0,4.0,6.0,0.0,25.0,23.0,6.0,-22.0,-6.0,-7.0,-6.0,-4.0,-5.0,-7.0,2.0,-5.0,-11.0
I,5.0,1.0,-6.0,-5.0,-3.0,-2.0,0.0,1.0,0.0,1.0,3.0,-1.0,0.0,5.0,6.0,0.0,4.0,9.0,-6.0,-6.0,-1.0,-2.0,-5.0,-7.0,-3.0,-8.0,-13.0,-12.0,-16.0,-7.0,1.0,0.0,13.0,6.0,-11.0,-11.0,3.0,6.0,3.0,0.0,-2.0,-5.0,-9.0,-10.0,-1.0,0.0,-6.0,-3.0,-1.0,2.0,-9.0,6.0,9.0,11.0,7.0,4.0,-4.0,-4.0,-5.0,-5.0,-10.0,-3.0,0.0,-4.0
I,7.0,-5.0,-4.0,0.0,0.0,4.0,18.0,26.0,-1.0,-3.0,-2.0,0.0,-2.0,0.0,-2.0,-1.0,-3.0,-2.0,2.0,9.0,6.0,-1.0,0.0,19.0,1.0,-1.0,4.0,2.0,-1.0,-4.0,-2.0,-2.0,3.0,0.0,-3.0,-5.0,-14.0,-3.0,-3.0,-13.0,-5.0,-5.0,-4.0,-2.0,-6.0,-7.0,-4.0,-9.0,-1.0,10.0,15.0,-3.0,-33.0,19.0,-3.0,-8.0,-2.0,-4.0,-2.0,-8.0,-11.0,0.0,3.0,-1.0
I,9.0,11.0,-2.0,-4.0,-4.0,-5.0,-6.0,-8.0,-1.0,-1.0,0.0,-4.0,-6.0,0.0,-1.0,12.0,10.0,14.0,6.0,0.0,12.0,-4.0,4.0,-2.0,-1.0,-3.0,-4.0,0.0,-5.0,-10.0,-4.0,-5.0,4.0,-6.0,-14.0,-11.0,-5.0,11.0,-5.0,-5.0,-2.0,-3.0,-2.0,0.0,-2.0,-2.0,-2.0,-2.0,5.0,19.0,4.0,2.0,-3.0,4.0,-4.0,-8.0,-3.0,-4.0,-7.0,-11.0,-15.0,-2.0,0.0,-6.0
Julia,-1.0,-2.0,3.0,7.0,6.0,1.0,-7.0,-9.0,2.0,-1.0,-2.0,1.0,2.0,1.0,-2.0,1.0,-2.0,1.0,-3.0,-3.0,-5.0,-2.0,-6.0,-14.0,25.0,31.0,3.0,1.0,-9.0,1.0,-16.0,32.0,1.0,-3.0,-10.0,-18.0,-12.0,-5.0,1.0,18.0,-42.0,54.0,-19.0,-24.0,7.0,-5.0,-28.0,-46.0,-2.0,2.0,0.0,-3.0,0.0,0.0,-5.0,-11.0,52.0,52.0,34.0,6.0,8.0,-3.0,-4.0,38.0
Julia,-1.0,1.0,1.0,4.0,5.0,-2.0,-1.0,-1.0,-4.0,-2.0,-10.0,-3.0,-1.0,0.0,-2.0,-1.0,-3.0,-4.0,-5.0,-8.0,-12.0,-1.0,-2.0,1.0,57.0,15.0,-18.0,-4.0,-10.0,-20.0,-38.0,12.0,-5.0,-4.0,-8.0,1.0,1.0,-8.0,-4.0,-7.0,15.0,0.0,-16.0,-7.0,29.0,21.0,17.0,45.0,-7.0,-3.0,1.0,1.0,1.0,-6.0,-5.0,-1.0,-4.0,-17.0,-6.0,-2.0,13.0,2.0,17.0,78.0
Julia,-1.0,1.0,2.0,3.0,2.0,2.0,1.0,2.0,4.0,10.0,0.0,-1.0,1.0,1.0,2.0,5.0,-5.0,-2.0,4.0,5.0,2.0,0.0,-2.0,-24.0,-30.0,0.0,12.0,5.0,-16.0,-24.0,-21.0,-40.0,-2.0,-4.0,-9.0,-9.0,-2.0,0.0,-2.0,-4.0,25.0,17.0,12.0,4.0,13.0,21.0,-10.0,7.0,-3.0,-1.0,6.0,10.0,7.0,-1.0,-9.0,-7.0,-11.0,0.0,7.0,7.0,2.0,25.0,10.0,61.0
Julia,-10.0,-23.0,-14.0,-11.0,-9.0,-6.0,0.0,-27.0,-1.0,1.0,0.0,1.0,-3.0,0.0,1.0,-1.0,-27.0,-10.0,30.0,20.0,16.0,17.0,10.0,-10.0,-2.0,0.0,3.0,2.0,2.0,2.0,-5.0,4.0,1.0,5.0,-33.0,-17.0,-2.0,-8.0,-1.0,85.0,0.0,-3.0,2.0,3.0,-3.0,-4.0,5.0,9.0,-40.0,-20.0,-50.0,-21.0,9.0,4.0,-69.0,-92.0,-2.0,-8.0,-11.0,-21.0,-20.0,-11.0,-7.0,1.0
Julia,-12.0,6.0,11.0,5.0,-1.0,1.0,-3.0,0.0,0.0,2.0,2.0,1.0,1.0,-2.0,-1.0,0.0,-44.0,-108.0,-50.0,-17.0,-1.0,-12.0,3.0,14.0,-5.0,-1.0,-2.0,5.0,2.0,0.0,-2.0,-1.0,24.0,-18.0,-14.0,-20.0,-21.0,-27.0,13.0,34.0,-1.0,-4.0,-9.0,-1.0,1.0,-5.0,-11.0,-17.0,51.0,47.0,2.0,3.0,19.0,37.0,58.0,120.0,-7.0,-5.0,-10.0,-4.0,-6.0,-7.0,-13.0,-9.0
Julia,-18.0,-4.0,-3.0,-6.0,-4.0,-4.0,-8.0,-46.0,4.0,4.0,4.0,3.0,6.0,8.0,7.0,16.0,11.0,39.0,13.0,-8.0,-43.0,-52.0,-12.0,3.0,-4.0,-6.0,-5.0,-1.0,-5.0,-4.0,-11.0,-23.0,6.0,-14.0,-14.0,-10.0,11.0,20.0,-3.0,-57.0,-5.0,-1.0,4.0,13.0,3.0,-7.0,-4.0,-16.0,16.0,49.0,-15.0,-22.0,-4.0,-19.0,2.0,41.0,0.0,-3.0,0.0,1.0,-2.0,-2.0,3.0,-18.0
Julia,-19.0,-11.0,3.0,-1.0,1.0,7.0,1.0,-28.0,3.0,8.0,14.0,9.0,14.0,13.0,8.0,33.0,-60.0,5.0,-2.0,-7.0,-11.0,-17.0,-28.0,-38.0,-2.0,0.0,5.0,5.0,5.0,3.0,2.0,12.0,-25.0,-19.0,-13.0,-5.0,-13.0,9.0,10.0,-63.0,-4.0,-6.0,-10.0,-14.0,-12.0,-10.0,-22.0,-12.0,20.0,-33.0,-14.0,-8.0,-17.0,-16.0,-11.0,-54.0,-9.0,-9.0,-6.0,0.0,3.0,-1.0,2.0,-5.0
Julia,-2.0,-1.0,-3.0,-2.0,0.0,2.0,1.0,-6.0,8.0,3.0,2.0,-5.0,-2.0,1.0,3.0,12.0,1.0,-2.0,-2.0,-2.0,-8.0,-2.0,5.0,-6.0,-47.0,-75.0,-15.0,-8.0,11.0,9.0,16.0,30.0,-1.0,1.0,-1.0,-4.0,2.0,7.0,9.0,-4.0,8.0,14.0,9.0,0.0,-16.0,-15.0,3.0,42.0,3.0,-3.0,-1.0,-4.0,-14.0,-8.0,-6.0,38.0,-82.0,-33.0,-12.0,-21.0,-21.0,-33.0,-68.0,-148.0
Julia,-2.0,-3.0,-5.0,-2.0,-5.0,-7.0,-5.0,5.0,-10.0,-3.0,-2.0,1.0,0.0,0.0,-6.0,-14.0,-2.0,-3.0,2.0,6.0,8.0,3.0,5.0,-17.0,-45.0,-39.0,3.0,14.0,0.0,15.0,-2.0,-26.0,-1.0,-2.0,4.0,4.0,2.0,0.0,0.0,-1.0,18.0,38.0,-9.0,-10.0,16.0,13.0,7.0,2.0,2.0,1.0,7.0,10.0,7.0,2.0,0.0,18.0,-17.0,7.0,-24.0,-15.0,20.0,12.0,3.0,-16.0
Julia,-2.0,-8.0,5.0,0.0,-1.0,-1.0,-5.0,-2.0,-5.0,-3.0,-1.0,-1.0,-3.0,-3.0,-6.0,-18.0,-47.0,-53.0,6.0,10.0,4.0,-1.0,0.0,-62.0,5.0,0.0,-1.0,2.0,1.0,-6.0,-1.0,8.0,37.0,22.0,39.0,18.0,13.0,-6.0,6.0,43.0,-3.0,-8.0,-13.0,-12.0,-16.0,-12.0,1.0,16.0,32.0,18.0,20.0,-4.0,-11.0,-9.0,1.0,-51.0,-6.0,-1.0,1.0,0.0,10.0,-6.0,-7.0,-5.0
Julia,-2.0,0.0,-3.0,0.0,-1.0,0.0,-5.0,-17.0,-3.0,10.0,14.0,10.0,3.0,3.0,7.0,16.0,2.0,-1.0,-2.0,0.0,3.0,7.0,-4.0,-5.0,60.0,23.0,-32.0,-20.0,0.0,-6.0,-29.0,5.0,-4.0,-5.0,-3.0,-11.0,-13.0,-16.0,-15.0,-12.0,82.0,69.0,13.0,-5.0,-89.0,-96.0,-9.0,61.0,-6.0,-7.0,-10.0,-1.0,-3.0,-25.0,-12.0,-2.0,-52.0,-16.0,5.0,-3.0,-23.0,-13.0,-63.0,-152.0
Julia,-3.0,10.0,18.0,10.0,6.0,2.0,-5.0,-13.0,3.0,1.0,3.0,2.0,-3.0,-1.0,1.0,8.0,-24.0,-28.0,-4.0,-6.0,-20.0,11.0,-13.0,-43.0,2.0,0.0,0.0,-5.0,0.0,2.0,-8.0,-15.0,1.0,-60.0,-30.0,-18.0,-40.0,-25.0,-1.0,73.0,-9.0,-13.0,-17.0,-15.0,-27.0,-16.0,-16.0,-15.0,-2.0,19.0,3.0,7.0,-6.0,-17.0,-33.0,-9.0,-3.0,-6.0,-5.0,-3.0,-8.0,-3.0,-1.0,-14.0
Julia,-5.0,-2.0,-5.0,-7.0,-3.0,-4.0,-4.0,-7.0,-1.0,-2.0,-4.0,-3.0,-6.0,0.0,1.0,-1.0,-6.0,16.0,0.0,-1.0,0.0,-7.0,-8.0,-14.0,2.0,-2.0,2.0,-1.0,-4.0,-4.0,-5.0,-3.0,38.0,16.0,-1.0,-1.0,-9.0,-1.0,18.0,37.0,-1.0,-1.0,-2.0,-5.0,-6.0,-6.0,-3.0,-3.0,-28.0,6.0,-5.0,-11.0,-12.0,-12.0,-26.0,-159.0,-4.0,-6.0,-16.0,-20.0,-14.0,1.0,2.0,-6.0
Julia,-6.0,-6.0,-4.0,2.0,-1.0,-2.0,-3.0,-12.0,-1.0,2.0,7.0,9.0,6.0,2.0,-4.0,-8.0,-27.0,-26.0,-11.0,-5.0,0.0,-7.0,-2.0,-12.0,-4.0,-3.0,-3.0,-5.0,-1.0,-3.0,-4.0,-2.0,-28.0,-68.0,-5.0,7.0,44.0,58.0,27.0,30.0,-3.0,2.0,4.0,8.0,8.0,7.0,3.0,9.0,19.0,31.0,-7.0,5.0,13.0,8.0,8.0,32.0,-3.0,-3.0,-4.0,-5.0,-4.0,1.0,-7.0,-10.0
Julia,-7.0,-6.0,-3.0,0.0,-5.0,-9.0,-8.0,5.0,4.0,4.0,5.0,1.0,4.0,-1.0,-2.0,-7.0,-4.0,2.0,7.0,17.0,15.0,-4.0,-17.0,1.0,7.0,-20.0,-9.0,0.0,14.0,9.0,-12.0,-28.0,-3.0,2.0,14.0,24.0,16.0,-3.0,-11.0,0.0,14.0,0.0,10.0,8.0,46.0,17.0,0.0,49.0,-8.0,-4.0,-9.0,-9.0,-4.0,-5.0,-16.0,-18.0,-91.0,-63.0,11.0,8.0,7.0,-12.0,-5.0,43.0
Julia,0.0,-2.0,-2.0,-2.0,-3.0,-2.0,-1.0,-1.0,-16.0,-28.0,-16.0,-10.0,-16.0,-14.0,-20.0,-40.0,-4.0,-6.0,-10.0,-19.0,-19.0,-19.0,-5.0,-7.0,30.0,40.0,-4.0,-2.0,-14.0,-20.0,-13.0,-17.0,1.0,0.0,0.0,6.0,6.0,5.0,3.0,2.0,44.0,33.0,-13.0,-9.0,11.0,19.0,15.0,14.0,0.0,0.0,2.0,9.0,16.0,1.0,-4.0,-5.0,-17.0,-41.0,-12.0,4.0,59.0,66.0,15.0,36.0
Julia,0.0,3.0,12.0,3.0,3.0,3.0,1.0,4.0,-2.0,-2.0,0.0,-4.0,-7.0,-5.0,-3.0,-3.0,-20.0,-14.0,-6.0,-1.0,-11.0,7.0,-13.0,-25.0,-1.0,-2.0,-6.0,-9.0,-7.0,-3.0,-6.0,-5.0,-1.0,-7.0,-19.0,-17.0,-10.0,-25.0,-6.0,29.0,-3.0,-1.0,2.0,6.0,6.0,-2.0,-4.0,-10.0,-34.0,-33.0,-31.0,-9.0,22.0,-37.0,-22.0,-35.0,-5.0,-2.0,1.0,0.0,-2.0,-10.0,-2.0,-6.0
Julia,1.0,3.0,5.0,3.0,7.0,7.0,1.0,4.0,0.0,0.0,0.0,0.0,0.0,0.0,0.0,0.0,-4.0,-3.0,1.0,5.0,5.0,-9.0,-10.0,-4.0,-18.0,-35.0,-12.0,0.0,4.0,0.0,-4.0,10.0,-7.0,-9.0,-16.0,-15.0,-17.0,-12.0,-12.0,-16.0,-62.0,-29.0,-17.0,-9.0,-49.0,-77.0,-15.0,-59.0,-4.0,-5.0,-11.0,-17.0,-12.0,-14.0,-13.0,7.0,90.0,42.0,20.0,7.0,1.0,-4.0,30.0,58.0
Julia,30.0,41.0,9.0,3.0,8.0,11.0,3.0,18.0,-3.0,-4.0,-4.0,-3.0,-2.0,-9.0,-13.0,-17.0,-51.0,-123.0,-79.0,-43.0,-12.0,-6.0,-40.0,-49.0,0.0,1.0,4.0,5.0,9.0,4.0,-13.0,2.0,113.0,56.0,8.0,-14.0,-17.0,-21.0,-4.0,-4.0,1.0,-1.0,2.0,17.0,13.0,-3.0,-4.0,-3.0,-26.0,-18.0,-18.0,-20.0,-30.0,-69.0,-9.0,-27.0,-4.0,-3.0,0.0,11.0,11.0,7.0,3.0,-37.0
Julia,7.0,7.0,1.0,-1.0,9.0,24.0,4.0,27.0,-2.0,-6.0,-8.0,-12.0,-11.0,-12.0,-10.0,0.0,48.0,131.0,25.0,11.0,27.0,35.0,4.0,1.0,1.0,2.0,6.0,1.0,2.0,5.0,-6.0,4.0,15.0,15.0,3.0,4.0,32.0,29.0,16.0,-21.0,3.0,-2.0,-2.0,-5.0,-8.0,1.0,-4.0,20.0,-38.0,-68.0,-33.0,-17.0,-23.0,-23.0,-58.0,-22.0,-4.0,-11.0,-9.0,-10.0,-10.0,-6.0,-2.0,-23.0
communication,-1.0,-1.0,-2.0,-5.0,-1.0,0.0,2.0,-2.0,4.0,1.0,-28.0,-19.0,-13.0,-6.0,-6.0,-7.0,-9.0,-8.0,-1.0,-3.0,-12.0,-17.0,6.0,-8.0,34.0,28.0,14.0,18.0,13.0,7.0,7.0,25.0,10.0,5.0,17.0,18.0,22.0,30.0,20.0,10.0,-2.0,-9.0,5.0,10.0,3.0,5.0,3.0,2.0,2.0,-2.0,-5.0,-11.0,-7.0,9.0,0.0,21.0,14.0,-48.0,-28.0,-8.0,2.0,-4.0,0.0,19.0
communication,-2.0,-2.0,-2.0,-1.0,-2.0,-3.0,-5.0,0.0,6.0,-3.0,-10.0,-7.0,-3.0,-2.0,-3.0,-5.0,-7.0,-6.0,-7.0,-4.0,-14.0,-40.0,-37.0,-13.0,28.0,36.0,24.0,9.0,2.0,3.0,5.0,11.0,1.0,5.0,2.0,-9.0,-10.0,-20.0,-1.0,19.0,-29.0,-13.0,-1.0,3.0,-7.0,-1.0,-2.0,38.0,-25.0,-12.0,-20.0,-19.0,-23.0,-19.0,-21.0,-46.0,8.0,42.0,27.0,11.0,-4.0,-5.0,2.0,-17.0
communication,-2.0,-5.0,-7.0,-4.0,-2.0,-2.0,-3.0,-10.0,2.0,0.0,0.0,2.0,5.0,4.0,4.0,0.0,27.0,32.0,-2.0,-3.0,15.0,6.0,3.0,2.0,-17.0,-11.0,-8.0,-4.0,-1.0,3.0,-27.0,-22.0,2.0,-30.0,-22.0,-11.0,-16.0,-11.0,1.0,-2.0,-6.0,-2.0,-5.0,5.0,1.0,8.0,59.0,-88.0,24.0,8.0,19.0,14.0,24.0,-1.0,2.0,-86.0,-1.0,0.0,7.0,-4.0,-8.0,-3.0,3.0,1.0
communication,-2.0,-6.0,-12.0,-11.0,-11.0,-4.0,-4.0,-6.0,-3.0,-5.0,-10.0,-12.0,-12.0,-6.0,-4.0,1.0,-35.0,-26.0,-5.0,-1.0,0.0,-1.0,20.0,20.0,0.0,-7.0,-13.0,-16.0,-18.0,-29.0,-11.0,-11.0,20.0,3.0,-11.0,-1.0,1.0,-7.0,-12.0,-6.0,-10.0,-8.0,0.0,20.0,31.0,23.0,-9.0,-119.0,-23.0,6.0,5.0,4.0,1.0,0.0,3.0,-25.0,13.0,2.0,4.0,-5.0,-8.0,-14.0,-5.0,-49.0
communication,-27.0,-23.0,3.0,3.0,-2.0,0.0,-2.0,-4.0,4.0,7.0,4.0,0.0,-1.0,2.0,6.0,4.0,-19.0,-23.0,9.0,2.0,14.0,10.0,9.0,5.0,22.0,5.0,7.0,1.0,-5.0,-19.0,12.0,13.0,15.0,34.0,25.0,6.0,-9.0,1.0,-2.0,-10.0,7.0,-19.0,-20.0,-28.0,-3.0,40.0,-22.0,-92.0,-41.0,-10.0,10.0,4.0,3.0,-9.0,-14.0,-2.0,-1.0,10.0,27.0,47.0,48.0,27.0,24.0,1.0
communication,-3.0,10.0,12.0,10.0,5.0,1.0,-1.0,-10.0,-1.0,1.0,-2.0,-1.0,1.0,-3.0,-8.0,-4.0,-67.0,-12.0,7.0,11.0,10.0,3.0,1.0,-11.0,-2.0,-7.0,5.0,5.0,8.0,1.0,8.0,-5.0,30.0,1.0,-7.0,-8.0,-4.0,-8.0,-4.0,-25.0,-10.0,-4.0,1.0,-21.0,-43.0,-43.0,-18.0,-27.0,4.0,16.0,10.0,-9.0,1.0,2.0,5.0,14.0,-5.0,-9.0,-5.0,-11.0,-17.0,-36.0,-38.0,-44.0
communication,-4.0,-3.0,-1.0,0.0,-7.0,-9.0,-13.0,-19.0,-25.0,-18.0,-7.0,-5.0,-2.0,-5.0,-8.0,-32.0,-2.0,-5.0,-5.0,-6.0,-16.0,-18.0,-12.0,-18.0,-6.0,-39.0,-31.0,-16.0,-2.0,3.0,9.0,49.0,-5.0,-7.0,-7.0,-3.0,-1.0,15.0,26.0,-15.0,27.0,35.0,10.0,7.0,-4.0,-3.0,16.0,45.0,-31.0,-1.0,5.0,5.0,2.0,14.0,-5.0,-26.0,103.0,126.0,25.0,4.0,-5.0,1.0,-2.0,22.0
communication,-5.0,2.0,-1.0,-1.0,-4.0,-3.0,-2.0,-4.0,-1.0,0.0,-1.0,-1.0,-1.0,-1.0,-3.0,0.0,-27.0,-45.0,-16.0,-6.0,-5.0,-2.0,0.0,9.0,3.0,-1.0,-2.0,-2.0,-4.0,-12.0,-8.0,0.0,-4.0,0.0,3.0,4.0,0.0,-2.0,5.0,8.0,-10.0,-5.0,-6.0,-4.0,-20.0,-14.0,3.0,-3.0,-55.0,-40.0,6.0,5.0,-15.0,1.0,-13.0,-13.0,-5.0,-1.0,5.0,4.0,3.0,27.0,15.0,-10.0
communication,-6.0,-7.0,-2.0,-3.0,-1.0,-1.0,-12.0,-19.0,4.0,-3.0,-2.0,2.0,0.0,-1.0,0.0,3.0,-29.0,-7.0,1.0,-4.0,-1.0,-18.0,-20.0,-7.0,58.0,11.0,6.0,0.0,-5.0,-1.0,1.0,3.0,9.0,1.0,-2.0,0.0,5.0,-9.0,-24.0,5.0,-9.0,7.0,-5.0,-8.0,-3.0,-1.0,20.0,-10.0,10.0,-11.0,-10.0,-11.0,13.0,41.0,24.0,35.0,-134.0,-150.0,-58.0,-30.0,-12.0,-7.0,-2.0,-37.0
communication,-6.0,-8.0,-2.0,0.0,0.0,0.0,-2.0,-5.0,-2.0,-7.0,-1.0,-1.0,0.0,6.0,2.0,5.0,12.0,-2.0,8.0,10.0,7.0,2.0,-1.0,14.0,7.0,6.0,-5.0,-5.0,-11.0,-24.0,28.0,13.0,56.0,34.0,7.0,-3.0,-9.0,-4.0,11.0,45.0,0.0,-4.0,-9.0,-18.0,-1.0,9.0,3.0,19.0,-10.0,5.0,20.0,12.0,-4.0,-9.0,1.0,19.0,-3.0,-14.0,-13.0,-20.0,-16.0,-21.0,-42.0,15.0
communication,-8.0,-20.0,-15.0,-1.0,-4.0,-5.0,-1.0,0.0,-15.0,-7.0,-15.0,-5.0,-6.0,-7.0,-3.0,-1.0,3.0,15.0,5.0,5.0,11.0,19.0,24.0,-9.0,-14.0,-3.0,17.0,13.0,2.0,1.0,6.0,0.0,5.0,-6.0,-1.0,3.0,-9.0,-1.0,-29.0,1.0,65.0,48.0,16.0,2.0,-2.0,-1.0,10.0,63.0,-23.0,1.0,-1.0,-16.0,-24.0,-14.0,-6.0,2.0,-70.0,-95.0,-53.0,-31.0,-10.0,-16.0,-12.0,-6.0
communication,0.0,0.0,0.0,-2.0,-5.0,-13.0,-7.0,-5.0,3.0,0.0,9.0,4.0,-3.0,-1.0,1.0,-1.0,-11.0,-2.0,-2.0,-7.0,-6.0,1.0,8.0,-1.0,34.0,49.0,20.0,6.0,2.0,2.0,6.0,13.0,-14.0,-20.0,-20.0,-32.0,-50.0,-51.0,-25.0,-28.0,36.0,32.0,-8.0,-11.0,-3.0,2.0,4.0,39.0,-10.0,-13.0,-28.0,-26.0,-28.0,-42.0,-18.0,11.0,45.0,20.0,5.0,-5.0,-10.0,-4.0,3.0,4.0
communication,0.0,1.0,0.0,3.0,7.0,2.0,3.0,1.0,-6.0,-3.0,-4.0,-9.0,-7.0,-3.0,-2.0,-2.0,2.0,-3.0,-2.0,-5.0,-6.0,6.0,7.0,1.0,-1.0,2.0,-24.0,-20.0,-12.0,-14.0,-14.0,-37.0,13.0,4.0,4.0,11.0,9.0,14.0,9.0,14.0,13.0,5.0,-8.0,-13.0,-15.0,-15.0,-19.0,-61.0,10.0,5.0,1.0,-3.0,-10.0,3.0,8.0,84.0,15.0,-52.0,-13.0,-5.0,-20.0,-10.0,-1.0,-4.0
communication,3.0,1.0,5.0,4.0,0.0,1.0,3.0,12.0,1.0,-2.0,-5.0,-6.0,-3.0,0.0,2.0,30.0,22.0,30.0,-12.0,-7.0,0.0,2.0,-8.0,2.0,0.0,-2.0,3.0,3.0,-4.0,2.0,3.0,-7.0,13.0,36.0,1.0,-4.0,2.0,2.0,5.0,37.0,-12.0,15.0,36.0,27.0,20.0,36.0,22.0,-6.0,-72.0,-66.0,4.0,18.0,26.0,21.0,2.0,17.0,-1.0,-8.0,-27.0,-38.0,-28.0,-4.0,-5.0,41.0
communication,4.0,4.0,6.0,2.0,4.0,4.0,-7.0,-1.0,-11.0,-29.0,-4.0,-7.0,0.0,-1.0,0.0,-4.0,-7.0,-3.0,-6.0,-10.0,-6.0,-3.0,1.0,-6.0,25.0,39.0,15.0,5.0,11.0,5.0,12.0,11.0,5.0,4.0,-18.0,-7.0,1.0,3.0,11.0,53.0,60.0,52.0,0.0,2.0,-2.0,1.0,0.0,11.0,0.0,-4.0,-11.0,-3.0,15.0,16.0,23.0,-2.0,-10.0,-42.0,-35.0,-12.0,-21.0,-8.0,0.0,4.0
communication,4.0,5.0,11.0,5.0,-1.0,-1.0,0.0,5.0,0.0,-1.0,-3.0,-6.0,-6.0,-8.0,-3.0,0.0,12.0,-27.0,-8.0,-4.0,8.0,1.0,-4.0,6.0,-4.0,2.0,2.0,2.0,9.0,9.0,3.0,-17.0,-91.0,-88.0,-19.0,-10.0,-6.0,-13.0,-8.0,-12.0,-2.0,-4.0,1.0,-12.0,-24.0,-35.0,-28.0,-38.0,0.0,12.0,11.0,6.0,3.0,-7.0,8.0,-2.0,-10.0,-3.0,-10.0,-16.0,-17.0,-6.0,10.0,-26.0
communication,6.0,11.0,13.0,7.0,2.0,2.0,4.0,9.0,2.0,0.0,-1.0,-2.0,-1.0,7.0,10.0,-14.0,-25.0,-27.0,-15.0,-9.0,-16.0,-9.0,-6.0,-27.0,-11.0,6.0,1.0,3.0,-9.0,3.0,34.0,0.0,-38.0,-33.0,5.0,7.0,3.0,1.0,-23.0,-87.0,6.0,-5.0,-9.0,15.0,8.0,4.0,0.0,45.0,20.0,43.0,18.0,9.0,4.0,12.0,20.0,71.0,11.0,-8.0,-8.0,3.0,12.0,9.0,-7.0,-9.0
communication,6.0,19.0,-3.0,-8.0,-6.0,-7.0,-9.0,-16.0,0.0,0.0,0.0,0.0,0.0,0.0,0.0,0.0,-5.0,23.0,-3.0,4.0,-5.0,-2.0,-3.0,4.0,-4.0,-5.0,-3.0,1.0,-6.0,-13.0,-25.0,-12.0,-38.0,-50.0,-29.0,-26.0,-31.0,-20.0,-14.0,-54.0,-1.0,-1.0,6.0,12.0,16.0,27.0,9.0,-67.0,77.0,67.0,25.0,7.0,0.0,5.0,9.0,16.0,7.0,6.0,17.0,19.0,10.0,19.0,14.0,21.0
communication,7.0,11.0,19.0,17.0,19.0,8.0,1.0,9.0,-4.0,0.0,-9.0,-4.0,-4.0,-3.0,-4.0,-7.0,-30.0,-4.0,-2.0,6.0,6.0,-2.0,-9.0,-20.0,-24.0,-32.0,-23.0,-6.0,-11.0,-6.0,-6.0,-11.0,4.0,6.0,11.0,-2.0,10.0,29.0,4.0,-38.0,-5.0,13.0,12.0,2.0,2.0,5.0,8.0,-7.0,-3.0,-6.0,-7.0,1.0,0.0,0.0,8.0,2.0,10.0,23.0,13.0,2.0,-2.0,-1.0,7.0,8.0
communication,9.0,21.0,16.0,4.0,1.0,0.0,0.0,-2.0,0.0,0.0,-1.0,-1.0,-3.0,-9.0,-3.0,3.0,46.0,63.0,27.0,16.0,11.0,6.0,5.0,1.0,16.0,0.0,1.0,13.0,29.0,35.0,12.0,6.0,21.0,21.0,-4.0,-10.0,-19.0,-13.0,-12.0,-11.0,-3.0,-17.0,-18.0,-17.0,-19.0,-2.0,-12.0,28.0,-12.0,-37.0,-4.0,-3.0,-11.0,-6.0,-8.0,-36.0,-3.0,-2.0,2.0,19.0,22.0,-20.0,-29.0,-22.0
deaf,-1.0,0.0,2.0,-2.0,-3.0,-1.0,1.0,-1.0,-9.0,-5.0,-2.0,-9.0,-5.0,-2.0,-2.0,-12.0,-1.0,-2.0,2.0,-3.0,-4.0,-9.0,-3.0,-2.0,-5.0,-41.0,-33.0,-17.0,-23.0,-23.0,-31.0,7.0,0.0,0.0,-1.0,1.0,1.0,1.0,1.0,11.0,-12.0,-21.0,-2.0,1.0,0.0,0.0,21.0,28.0,-8.0,-7.0,-8.0,-8.0,-9.0,-14.0,0.0,-44.0,-11.0,-8.0,-8.0,-14.0,-14.0,2.0,18.0,6.0
deaf,-1.0,2.0,5.0,7.0,2.0,5.0,-3.0,1.0,6.0,1.0,-2.0,-2.0,-3.0,0.0,1.0,-8.0,1.0,2.0,5.0,3.0,5.0,9.0,3.0,-5.0,-2.0,-43.0,-21.0,-6.0,-1.0,-8.0,-22.0,3.0,-1.0,-1.0,-1.0,3.0,1.0,-5.0,0.0,-1.0,9.0,36.0,21.0,26.0,17.0,5.0,17.0,-2.0,-4.0,-2.0,-6.0,-11.0,-14.0,-2.0,7.0,2.0,42.0,30.0,0.0,-14.0,-25.0,-18.0,5.0,9.0
deaf,-10.0,-1.0,14.0,9.0,2.0,-1.0,-3.0,0.0,-1.0,1.0,5.0,6.0,1.0,-1.0,-6.0,-6.0,4.0,18.0,22.0,28.0,19.0,3.0,-23.0,-40.0,-2.0,2.0,3.0,3.0,3.0,1.0,-4.0,-8.0,-16.0,-5.0,-6.0,-5.0,-13.0,-24.0,0.0,70.0,-7.0,-6.0,-9.0,-3.0,2.0,-7.0,-14.0,-34.0,-31.0,-39.0,-17.0,-2.0,6.0,14.0,1.0,-16.0,-3.0,-6.0,-7.0,-8.0,-8.0,-8.0,-6.0,1.0
deaf,-14.0,-10.0,5.0,3.0,-2.0,-1.0,-1.0,-2.0,-2.0,-3.0,2.0,2.0,2.0,1.0,-6.0,-3.0,-22.0,-57.0,-65.0,-40.0,-23.0,-12.0,20.0,14.0,-5.0,-4.0,-2.0,-1.0,-6.0,-2.0,3.0,-9.0,27.0,3.0,-8.0,-14.0,-7.0,4.0,11.0,-6.0,1.0,0.0,2.0,3.0,8.0,6.0,-1.0,9.0,-19.0,-23.0,2.0,16.0,33.0,13.0,8.0,23.0,-5.0,-12.0,-18.0,-21.0,-19.0,-20.0,-11.0,-29.0
deaf,-2.0,-4.0,-4.0,-2.0,-2.0,-2.0,0.0,0.0,6.0,1.0,0.0,-1.0,-1.0,1.0,0.0,5.0,2.0,-1.0,1.0,0.0,4.0,5.0,3.0,3.0,-24.0,-40.0,-25.0,-15.0,-13.0,-7.0,1.0,7.0,-4.0,-3.0,-3.0,2.0,1.0,-1.0,-1.0,0.0,-37.0,-39.0,-32.0,-31.0,-43.0,-27.0,-50.0,-48.0,-1.0,-6.0,-8.0,-10.0,-6.0,-3.0,-2.0,-5.0,-18.0,-16.0,-17.0,-3.0,-1.0,12.0,-18.0,-43.0
deaf,-2.0,3.0,-6.0,-4.0,0.0,-1.0,-4.0,-5.0,-1.0,-3.0,-4.0,-8.0,-3.0,-1.0,-4.0,-2.0,0.0,27.0,27.0,22.0,16.0,8.0,10.0,1.0,2.0,-2.0,-1.0,1.0,5.0,-2.0,-5.0,30.0,-12.0,-8.0,-3.0,-6.0,-6.0,1.0,-15.0,-7.0,-5.0,-9.0,-3.0,-3.0,-6.0,1.0,-6.0,21.0,25.0,20.0,5.0,-15.0,-27.0,-21.0,1.0,-71.0,-3.0,-6.0,-1.0,3.0,-2.0,6.0,5.0,6.0
deaf,-3.0,1.0,2.0,3.0,0.0,-9.0,-4.0,-8.0,2.0,-1.0,-9.0,-5.0,-2.0,-1.0,-1.0,0.0,-2.0,-1.0,-3.0,-1.0,-2.0,-7.0,-4.0,0.0,-7.0,6.0,6.0,-2.0,0.0,0.0,-2.0,-2.0,-4.0,-2.0,-1.0,0.0,-7.0,-2.0,0.0,-11.0,3.0,-2.0,-5.0,-2.0,-7.0,-14.0,17.0,24.0,-5.0,-1.0,4.0,5.0,3.0,3.0,2.0,0.0,41.0,23.0,3.0,-14.0,-9.0,-19.0,-14.0,62.0
deaf,-38.0,-20.0,-7.0,-3.0,-4.0,-3.0,-5.0,10.0,-4.0,-4.0,-6.0,-6.0,-6.0,-7.0,-7.0,-2.0,9.0,41.0,16.0,0.0,-3.0,-7.0,-17.0,-4.0,1.0,0.0,4.0,9.0,12.0,3.0,-12.0,-6.0,4.0,-9.0,-1.0,-3.0,-12.0,1.0,-7.0,51.0,-5.0,-2.0,-6.0,0.0,-1.0,-9.0,-10.0,5.0,-18.0,6.0,-2.0,15.0,-5.0,-33.0,-44.0,-60.0,-2.0,-1.0,-1.0,-4.0,-4.0,2.0,6.0,-5.0
deaf,-5.0,-15.0,-8.0,-4.0,0.0,1.0,1.0,1.0,-15.0,-60.0,-21.0,-2.0,-1.0,-2.0,4.0,5.0,2.0,0.0,-3.0,-8.0,-7.0,-7.0,-11.0,-12.0,1.0,1.0,-6.0,-7.0,-3.0,-10.0,-2.0,7.0,-3.0,-7.0,-20.0,-8.0,9.0,8.0,-16.0,4.0,-3.0,0.0,-8.0,-18.0,-15.0,-3.0,-2.0,-13.0,6.0,-3.0,-27.0,-26.0,-35.0,-16.0,-3.0,35.0,-2.0,-4.0,0.0,4.0,6.0,8.0,-1.0,-12.0
deaf,-6.0,-14.0,-11.0,-7.0,-6.0,-5.0,-4.0,0.0,0.0,-6.0,-8.0,-12.0,-9.0,-2.0,7.0,4.0,14.0,-2.0,-19.0,-25.0,-23.0,-1.0,9.0,14.0,0.0,1.0,0.0,5.0,2.0,-2.0,-13.0,-8.0,1.0,-17.0,-15.0,-10.0,2.0,-1.0,-1.0,-11.0,-8.0,1.0,7.0,12.0,9.0,0.0,-9.0,-40.0,-45.0,-62.0,-35.0,5.0,-1.0,4.0,11.0,-23.0,-4.0,-5.0,-4.0,3.0,-1.0,-5.0,-11.0,-12.0
deaf,-6.0,-6.0,-6.0,1.0,-3.0,-1.0,0.0,2.0,0.0,-2.0,-3.0,-1.0,4.0,1.0,-2.0,4.0,2.0,17.0,3.0,9.0,6.0,1.0,-1.0,15.0,-7.0,-9.0,-9.0,-7.0,-10.0,-9.0,1.0,-1.0,17.0,42.0,18.0,8.0,19.0,15.0,19.0,12.0,-2.0,-2.0,-4.0,-7.0,-2.0,-2.0,-9.0,-1.0,2.0,-3.0,15.0,23.0,26.0,17.0,7.0,25.0,-2.0,-3.0,4.0,5.0,-4.0,-10.0,-6.0,-10.0
deaf,-6.0,7.0,17.0,12.0,3.0,1.0,-1.0,-5.0,2.0,0.0,0.0,1.0,0.0,-3.0,0.0,-1.0,13.0,18.0,2.0,5.0,-2.0,-5.0,9.0,-5.0,-2.0,-6.0,-7.0,-8.0,-3.0,-2.0,0.0,-1.0,3.0,6.0,10.0,-3.0,-3.0,-1.0,-19.0,0.0,-3.0,-7.0,-9.0,-12.0,-7.0,-4.0,-2.0,-2.0,-25.0,-16.0,5.0,1.0,-2.0,-8.0,-24.0,-27.0,-4.0,4.0,11.0,10.0,7.0,5.0,3.0,-1.0
deaf,-7.0,-3.0,0.0,-4.0,-1.0,-1.0,-2.0,6.0,-2.0,-1.0,0.0,-1.0,-3.0,1.0,1.0,0.0,10.0,14.0,8.0,11.0,3.0,2.0,10.0,29.0,-3.0,-2.0,-3.0,-1.0,-6.0,-3.0,4.0,1.0,0.0,-9.0,-8.0,-3.0,-2.0,-5.0,9.0,17.0,-2.0,-3.0,2.0,2.0,6.0,4.0,4.0,3.0,-35.0,-33.0,-17.0,-4.0,6.0,8.0,10.0,24.0,-1.0,-1.0,-5.0,-7.0,-8.0,-9.0,-3.0,-10.0
deaf,-8.0,1.0,5.0,-1.0,-1.0,0.0,1.0,0.0,-1.0,-2.0,-3.0,-5.0,-2.0,1.0,0.0,-2.0,-2.0,11.0,15.0,12.0,-2.0,-6.0,-12.0,-22.0,-6.0,-6.0,-9.0,-6.0,-10.0,-13.0,-2.0,-26.0,17.0,4.0,1.0,-6.0,-3.0,-4.0,-13.0,18.0,-2.0,-3.0,-4.0,-1.0,2.0,3.0,0.0,0.0,2.0,8.0,5.0,2.0,-12.0,-26.0,-10.0,61.0,-3.0,-9.0,-3.0,-7.0,-9.0,-5.0,-10.0,-5.0
deaf,0.0,-1.0,-3.0,-4.0,0.0,2.0,-1.0,0.0,4.0,4.0,-9.0,-3.0,-3.0,-1.0,0.0,2.0,-2.0,-3.0,-3.0,-3.0,-6.0,-4.0,-5.0,-1.0,17.0,6.0,-4.0,-3.0,0.0,-9.0,-26.0,-6.0,-2.0,-2.0,0.0,5.0,-1.0,-8.0,1.0,5.0,-66.0,-40.0,-35.0,-22.0,-8.0,-6.0,14.0,14.0,-2.0,-4.0,-4.0,-7.0,-16.0,-6.0,-2.0,3.0,-11.0,1.0,-6.0,-12.0,-25.0,-12.0,5.0,33.0
deaf,0.0,-5.0,-6.0,-3.0,-6.0,-7.0,-4.0,0.0,-1.0,-4.0,-2.0,2.0,2.0,0.0,-1.0,1.0,-1.0,-1.0,-2.0,5.0,1.0,-4.0,-4.0,0.0,4.0,-16.0,-17.0,-13.0,-10.0,-4.0,27.0,35.0,1.0,-3.0,-6.0,-10.0,-15.0,-5.0,3.0,23.0,-31.0,-8.0,1.0,1.0,-8.0,-4.0,-7.0,-15.0,-4.0,0.0,-4.0,4.0,0.0,-10.0,-8.0,-17.0,14.0,29.0,24.0,0.0,-10.0,-10.0,-12.0,-67.0
deaf,0.0,0.0,0.0,0.0,0.0,0.0,0.0,0.0,-5.0,-2.0,-8.0,-8.0,-4.0,-1.0,0.0,-15.0,-7.0,-4.0,-6.0,-5.0,-7.0,-5.0,-2.0,-9.0,15.0,43.0,43.0,28.0,17.0,3.0,-4.0,-47.0,-8.0,-4.0,-3.0,-6.0,-3.0,2.0,-12.0,-14.0,-17.0,-36.0,-36.0,-32.0,-42.0,-23.0,-22.0,54.0,-3.0,-1.0,3.0,7.0,4.0,1.0,2.0,-15.0,31.0,-13.0,-27.0,-26.0,-13.0,5.0,-11.0,-3.0
deaf,0.0,2.0,2.0,6.0,7.0,2.0,1.0,0.0,-21.0,-16.0,6.0,8.0,3.0,-1.0,-9.0,-21.0,-5.0,-2.0,0.0,5.0,2.0,0.0,-7.0,-11.0,30.0,49.0,27.0,13.0,-1.0,-6.0,7.0,-18.0,3.0,-1.0,-3.0,-4.0,-6.0,-6.0,5.0,5.0,2.0,-10.0,2.0,1.0,-2.0,-5.0,26.0,14.0,-2.0,-2.0,-3.0,-4.0,3.0,-1.0,1.0,6.0,-36.0,-56.0,-42.0,26.0,40.0,23.0,20.0,81.0
deaf,2.0,3.0,4.0,8.0,5.0,0.0,-3.0,0.0,6.0,3.0,4.0,3.0,3.0,1.0,0.0,-3.0,-1.0,0.0,0.0,6.0,0.0,6.0,7.0,4.0,2.0,-11.0,-6.0,-7.0,2.0,6.0,17.0,9.0,-2.0,-2.0,-1.0,1.0,4.0,-2.0,-6.0,0.0,10.0,-13.0,-6.0,-5.0,-7.0,8.0,24.0,47.0,-8.0,-3.0,2.0,6.0,3.0,-5.0,-12.0,-9.0,-21.0,-37.0,-41.0,-23.0,-12.0,-3.0,-15.0,9.0
deaf,20.0,20.0,17.0,10.0,0.0,-6.0,-2.0,5.0,-3.0,-1.0,-1.0,0.0,-2.0,-3.0,-3.0,-29.0,42.0,16.0,2.0,-2.0,-10.0,9.0,31.0,22.0,1.0,-2.0,4.0,0.0,4.0,3.0,-1.0,15.0,-8.0,2.0,9.0,13.0,-2.0,-11.0,-16.0,-25.0,-6.0,-4.0,-4.0,-11.0,-11.0,10.0,3.0,5.0,-33.0,-19.0,-11.0,-19.0,-11.0,-10.0,-6.0,-26.0,1.0,-5.0,-4.0,-6.0,-2.0,-9.0,-10.0,-15.0
thank_you,-11.0,0.0,-5.0,-2.0,-3.0,-6.0,-8.0,-13.0,-5.0,-2.0,-1.0,-7.0,-10.0,-23.0,-29.0,-14.0,22.0,3.0,-6.0,0.0,5.0,7.0,-17.0,-17.0,-16.0,-30.0,-9.0,2.0,-10.0,-24.0,-19.0,-2.0,-13.0,-6.0,-25.0,-26.0,-12.0,-3.0,-4.0,-7.0,-10.0,-16.0,0.0,-1.0,-5.0,6.0,14.0,-9.0,21.0,-6.0,-1.0,-2.0,9.0,0.0,6.0,28.0,-3.0,12.0,7.0,-3.0,-5.0,-31.0,-17.0,6.0
thank_you,-2.0,-3.0,-2.0,-5.0,-6.0,-9.0,-6.0,-17.0,-9.0,4.0,12.0,9.0,4.0,0.0,-2.0,-8.0,3.0,21.0,25.0,-1.0,3.0,-9.0,-6.0,17.0,3.0,-22.0,-19.0,-12.0,1.0,22.0,0.0,3.0,-7.0,8.0,16.0,12.0,-12.0,-18.0,4.0,-18.0,7.0,5.0,10.0,15.0,11.0,-17.0,-3.0,32.0,1.0,16.0,12.0,1.0,-1.0,-7.0,8.0,30.0,7.0,0.0,0.0,3.0,15.0,28.0,14.0,2.0
thank_you,-2.0,-3.0,-4.0,-6.0,-10.0,-13.0,-17.0,23.0,-9.0,1.0,-1.0,-5.0,-2.0,-2.0,-3.0,-7.0,-12.0,-25.0,-40.0,4.0,2.0,-1.0,-2.0,-11.0,10.0,-13.0,-34.0,-32.0,-16.0,-8.0,-9.0,-12.0,-5.0,-8.0,-5.0,-22.0,2.0,15.0,12.0,38.0,-70.0,-2.0,-4.0,-1.0,-3.0,-2.0,-6.0,-75.0,3.0,-11.0,-7.0,-9.0,-4.0,7.0,8.0,21.0,39.0,26.0,12.0,0.0,-12.0,-18.0,6.0,21.0
thank_you,-25.0,-31.0,-3.0,2.0,1.0,4.0,1.0,-12.0,1.0,-2.0,0.0,5.0,4.0,5.0,14.0,11.0,-47.0,-8.0,-5.0,-7.0,-5.0,0.0,1.0,-6.0,-3.0,-4.0,-21.0,-28.0,-29.0,-22.0,-12.0,6.0,2.0,-13.0,0.0,12.0,4.0,-4.0,15.0,-1.0,-13.0,30.0,40.0,-1.0,32.0,39.0,11.0,-5.0,37.0,18.0,-16.0,-8.0,0.0,-1.0,12.0,20.0,-10.0,-23.0,-12.0,-5.0,-19.0,-8.0,-9.0,-32.0
thank_you,-4.0,-11.0,-12.0,-4.0,-2.0,0.0,-3.0,-3.0,-1.0,-1.0,-4.0,-1.0,-1.0,1.0,3.0,-2.0,-3.0,-6.0,-7.0,-5.0,12.0,13.0,19.0,18.0,-15.0,-22.0,-1.0,-5.0,-13.0,-14.0,-19.0,-4.0,4.0,-6.0,-15.0,5.0,-6.0,-17.0,-25.0,3.0,4.0,16.0,-4.0,4.0,12.0,12.0,7.0,17.0,-5.0,-6.0,-10.0,29.0,4.0,-12.0,4.0,7.0,-10.0,-24.0,2.0,-11.0,0.0,-7.0,-18.0,-78.0
thank_you,-4.0,11.0,4.0,3.0,0.0,0.0,3.0,6.0,4.0,1.0,0.0,-3.0,3.0,8.0,16.0,-1.0,-40.0,-39.0,-30.0,-33.0,-35.0,-3.0,7.0,14.0,-6.0,-26.0,-8.0,6.0,-14.0,-18.0,-22.0,7.0,4.0,-8.0,-7.0,-1.0,-5.0,10.0,-9.0,-16.0,-6.0,-22.0,-22.0,-54.0,-18.0,-31.0,-17.0,-47.0,-9.0,-23.0,-47.0,-20.0,-13.0,-2.0,-23.0,-47.0,-11.0,-14.0,-6.0,-18.0,-6.0,0.0,-30.0,-26.0
thank_you,-6.0,-9.0,-7.0,-5.0,-4.0,0.0,-1.0,-8.0,1.0,3.0,2.0,4.0,4.0,4.0,8.0,5.0,-36.0,-26.0,-10.0,-9.0,-5.0,6.0,-6.0,-28.0,-2.0,0.0,-12.0,-11.0,-2.0,3.0,11.0,-3.0,8.0,29.0,21.0,-5.0,10.0,-2.0,0.0,-19.0,5.0,-10.0,-21.0,-11.0,-25.0,-21.0,1.0,-6.0,-62.0,-46.0,-21.0,-20.0,-8.0,-4.0,4.0,-8.0,-1.0,-1.0,2.0,-6.0,-1.0,-1.0,5.0,-11.0
thank_you,0.0,0.0,0.0,0.0,0.0,0.0,0.0,0.0,1.0,9.0,9.0,3.0,2.0,2.0,6.0,8.0,-1.0,5.0,-11.0,-11.0,-4.0,-1.0,11.0,7.0,-4.0,1.0,-6.0,-1.0,-1.0,-6.0,10.0,16.0,-1.0,-13.0,2.0,19.0,3.0,-20.0,-14.0,-3.0,31.0,15.0,22.0,2.0,0.0,7.0,-1.0,7.0,3.0,22.0,9.0,6.0,-5.0,-13.0,-15.0,-12.0,-27.0,-26.0,-11.0,-4.0,-4.0,-9.0,-2.0,-12.0
thank_you,1.0,-1.0,-1.0,2.0,-4.0,-16.0,-16.0,-3.0,-19.0,-19.0,-2.0,1.0,-1.0,-1.0,-1.0,-6.0,15.0,10.0,14.0,5.0,5.0,-3.0,-3.0,2.0,-12.0,-8.0,7.0,6.0,-18.0,-20.0,-7.0,-15.0,5.0,-11.0,-18.0,-27.0,-25.0,-9.0,17.0,-1.0,-2.0,19.0,8.0,2.0,1.0,-9.0,17.0,18.0,-5.0,-17.0,-19.0,83.0,19.0,-24.0,-16.0,-43.0,-43.0,-53.0,-20.0,-8.0,-8.0,-2.0,-4.0,-3.0
thank_you,1.0,-1.0,-2.0,-6.0,-6.0,5.0,3.0,3.0,10.0,34.0,7.0,6.0,14.0,5.0,-16.0,-17.0,-4.0,-18.0,-25.0,5.0,6.0,0.0,-18.0,-10.0,-1.0,4.0,-2.0,-13.0,-12.0,0.0,-16.0,-15.0,-3.0,-7.0,-3.0,2.0,9.0,12.0,5.0,8.0,34.0,24.0,3.0,3.0,8.0,0.0,0.0,9.0,-16.0,3.0,-3.0,4.0,-5.0,-6.0,-4.0,-22.0,-32.0,-17.0,18.0,9.0,20.0,33.0,6.0,1.0
thank_you,1.0,5.0,6.0,1.0,-3.0,-9.0,-11.0,-13.0,-1.0,2.0,3.0,6.0,12.0,16.0,18.0,1.0,5.0,4.0,9.0,-1.0,-16.0,2.0,-5.0,0.0,-15.0,-55.0,-51.0,-21.0,-11.0,-5.0,10.0,12.0,-10.0,-22.0,-14.0,2.0,-14.0,-7.0,-4.0,-15.0,-4.0,-4.0,2.0,4.0,7.0,20.0,30.0,1.0,-40.0,-7.0,-2.0,4.0,-5.0,-20.0,-9.0,3.0,-1.0,-9.0,-8.0,-12.0,-4.0,-6.0,-12.0,-16.0
thank_you,12.0,13.0,5.0,-1.0,2.0,-1.0,4.0,12.0,0.0,0.0,0.0,0.0,0.0,0.0,0.0,0.0,-2.0,17.0,11.0,4.0,-7.0,29.0,-5.0,-5.0,-8.0,-29.0,-36.0,-14.0,-15.0,-15.0,-21.0,-4.0,-45.0,-38.0,11.0,11.0,8.0,-10.0,-14.0,-20.0,2.0,3.0,23.0,13.0,19.0,30.0,43.0,41.0,30.0,11.0,-12.0,0.0,1.0,10.0,10.0,20.0,-2.0,16.0,13.0,-14.0,-4.0,3.0,30.0,-16.0
thank_you,2.0,-1.0,-5.0,-4.0,-4.0,-8.0,2.0,10.0,0.0,-11.0,-10.0,-4.0,-4.0,9.0,4.0,-17.0,3.0,-22.0,-22.0,-12.0,-17.0,-19.0,-28.0,-7.0,4.0,-2.0,-9.0,-18.0,1.0,-21.0,-27.0,4.0,1.0,2.0,3.0,3.0,10.0,25.0,32.0,16.0,19.0,5.0,-9.0,-2.0,-9.0,-5.0,-6.0,-22.0,8.0,5.0,9.0,6.0,17.0,26.0,17.0,0.0,-35.0,-28.0,2.0,-8.0,-13.0,3.0,7.0,9.0
thank_you,2.0,0.0,-9.0,2.0,5.0,1.0,-3.0,-3.0,-21.0,-15.0,11.0,11.0,3.0,0.0,0.0,9.0,-6.0,-5.0,3.0,0.0,1.0,-7.0,-17.0,1.0,46.0,24.0,13.0,5.0,2.0,20.0,8.0,20.0,-13.0,12.0,-3.0,-18.0,4.0,1.0,-19.0,-54.0,3.0,15.0,-8.0,-3.0,10.0,-8.0,0.0,-5.0,-9.0,2.0,9.0,-10.0,5.0,14.0,18.0,-52.0,39.0,41.0,15.0,13.0,14.0,-25.0,10.0,34.0
thank_you,4.0,-5.0,-13.0,-11.0,-5.0,-5.0,-4.0,-1.0,-6.0,-3.0,0.0,-2.0,-2.0,-3.0,-16.0,-9.0,11.0,3.0,-6.0,1.0,11.0,4.0,-1.0,3.0,-5.0,-9.0,-16.0,-9.0,-14.0,-44.0,-37.0,-16.0,-56.0,-46.0,-30.0,-17.0,-14.0,-4.0,17.0,19.0,5.0,-15.0,-26.0,-14.0,-11.0,4.0,6.0,42.0,-10.0,2.0,-15.0,-11.0,7.0,21.0,-7.0,-23.0,13.0,1.0,-29.0,-1.0,-2.0,-5.0,-7.0,25.0
thank_you,4.0,0.0,-2.0,0.0,7.0,20.0,30.0,6.0,10.0,3.0,-17.0,-14.0,4.0,8.0,-2.0,-14.0,5.0,-4.0,8.0,-8.0,2.0,-5.0,-17.0,8.0,4.0,9.0,0.0,2.0,-8.0,-5.0,-17.0,-15.0,0.0,-4.0,-20.0,-25.0,-17.0,4.0,5.0,1.0,-11.0,29.0,32.0,1.0,28.0,12.0,-4.0,7.0,-2.0,1.0,4.0,17.0,13.0,5.0,-8.0,-59.0,2.0,1.0,-18.0,-9.0,-10.0,7.0,-1.0,-18.0
thank_you,5.0,-4.0,2.0,3.0,0.0,-1.0,0.0,6.0,0.0,6.0,0.0,3.0,-2.0,-7.0,1.0,-5.0,-12.0,-3.0,7.0,-4.0,27.0,10.0,0.0,-5.0,4.0,29.0,10.0,15.0,21.0,19.0,7.0,1.0,24.0,6.0,6.0,13.0,13.0,-1.0,8.0,7.0,-5.0,18.0,9.0,-2.0,3.0,5.0,0.0,-12.0,-31.0,-23.0,-5.0,4.0,5.0,5.0,12.0,2.0,-9.0,-43.0,13.0,10.0,31.0,24.0,25.0,2.0
thank_you,5.0,2.0,4.0,5.0,5.0,2.0,1.0,10.0,5.0,4.0,-1.0,-5.0,-4.0,-1.0,2.0,2.0,-12.0,-21.0,-30.0,-10.0,-19.0,-21.0,-13.0,-11.0,-34.0,-23.0,3.0,1.0,-4.0,35.0,5.0,-9.0,2.0,13.0,21.0,23.0,18.0,7.0,-9.0,15.0,-11.0,-10.0,-3.0,-7.0,-26.0,-12.0,-4.0,6.0,-12.0,17.0,16.0,2.0,-8.0,-34.0,-42.0,-42.0,-27.0,-19.0,-3.0,-6.0,0.0,-13.0,4.0,-3.0
thank_you,5.0,7.0,13.0,9.0,6.0,3.0,1.0,3.0,-6.0,-4.0,-6.0,-10.0,-14.0,-14.0,-16.0,-14.0,0.0,1.0,-18.0,-19.0,8.0,-7.0,-15.0,-15.0,7.0,-5.0,2.0,-1.0,-13.0,-10.0,8.0,-7.0,-47.0,-54.0,-26.0,-28.0,-35.0,-7.0,-6.0,-13.0,-8.0,12.0,-29.0,-15.0,-16.0,-22.0,-12.0,21.0,-18.0,2.0,-5.0,-12.0,-14.0,-3.0,-11.0,-16.0,-10.0,-19.0,-9.0,-14.0,-3.0,-14.0,0.0,-7.0
thank_you,8.0,12.0,6.0,-2.0,-1.0,-1.0,0.0,-2.0,-2.0,-1.0,0.0,-1.0,-6.0,-7.0,-3.0,-6.0,-9.0,-12.0,2.0,18.0,18.0,-13.0,-19.0,-30.0,10.0,7.0,-6.0,3.0,3.0,1.0,3.0,3.0,18.0,0.0,-8.0,-11.0,-10.0,25.0,1.0,5.0,-17.0,-12.0,-18.0,-9.0,-4.0,3.0,13.0,-10.0,26.0,16.0,-6.0,0.0,1.0,4.0,-5.0,-17.0,7.0,19.0,8.0,10.0,13.0,15.0,18.0,-11.0
to_be_better,-1.0,-2.0,-6.0,-2.0,-9.0,-8.0,2.0,12.0,3.0,1.0,2.0,-7.0,-1.0,9.0,11.0,2.0,-21.0,-15.0,-13.0,-13.0,0.0,-4.0,-10.0,-1.0,-24.0,-17.0,-11.0,-20.0,-26.0,-19.0,-19.0,-27.0,101.0,88.0,50.0,28.0,23.0,15.0,-2.0,7.0,15.0,-10.0,-37.0,-32.0,-32.0,-11.0,-28.0,0.0,97.0,76.0,9.0,11.0,-3.0,3.0,4.0,-13.0,-5.0,-22.0,-4.0,14.0,25.0,39.0,21.0,30.0
to_be_better,-1.0,-6.0,12.0,7.0,2.0,1.0,0.0,12.0,-26.0,10.0,12.0,-22.0,-17.0,-12.0,-14.0,-22.0,-2.0,-17.0,-37.0,-20.0,-9.0,-7.0,-3.0,-26.0,6.0,8.0,0.0,3.0,0.0,-7.0,-12.0,17.0,221.0,194.0,50.0,11.0,4.0,10.0,7.0,6.0,8.0,24.0,36.0,32.0,26.0,32.0,46.0,6.0,46.0,45.0,42.0,29.0,33.0,26.0,28.0,58.0,2.0,-2.0,-6.0,3.0,9.0,2.0,-55.0,19.0
to_be_better,-10.0,0.0,11.0,4.0,14.0,6.0,-3.0,-7.0,3.0,0.0,-1.0,-1.0,1.0,6.0,2.0,9.0,-11.0,-5.0,16.0,3.0,-15.0,-4.0,7.0,8.0,-6.0,-35.0,-27.0,-17.0,-19.0,-10.0,-13.0,6.0,-107.0,-127.0,-69.0,15.0,101.0,5.0,-30.0,-69.0,18.0,2.0,15.0,23.0,51.0,52.0,39.0,23.0,25.0,-30.0,-6.0,-13.0,-6.0,1.0,6.0,22.0,-29.0,-26.0,-15.0,-6.0,-21.0,-36.0,-31.0,-32.0
to_be_better,-12.0,-7.0,-11.0,-12.0,-10.0,1.0,8.0,-25.0,14.0,18.0,1.0,-12.0,-4.0,12.0,41.0,66.0,8.0,13.0,10.0,23.0,-10.0,9.0,13.0,8.0,-42.0,-13.0,-24.0,8.0,6.0,-30.0,-26.0,-111.0,94.0,35.0,13.0,1.0,-8.0,0.0,18.0,56.0,-19.0,1.0,0.0,-10.0,-36.0,-73.0,-42.0,12.0,-126.0,-119.0,-42.0,-23.0,-14.0,-25.0,-12.0,-27.0,-3.0,6.0,12.0,16.0,22.0,47.0,65.0,-12.0
to_be_better,-2.0,-6.0,-8.0,-3.0,-3.0,-2.0,0.0,3.0,-3.0,-6.0,-6.0,-15.0,-11.0,-13.0,-3.0,-3.0,6.0,2.0,-3.0,-1.0,-3.0,-1.0,-7.0,11.0,3.0,3.0,3.0,-12.0,-21.0,-9.0,-7.0,11.0,15.0,19.0,-8.0,-7.0,-4.0,-9.0,-9.0,-13.0,-9.0,-8.0,-3.0,-11.0,1.0,4.0,-15.0,-21.0,113.0,84.0,25.0,21.0,5.0,-28.0,-2.0,2.0,-15.0,-16.0,-21.0,-20.0,-31.0,-58.0,-27.0,-34.0
to_be_better,-2.0,1.0,3.0,4.0,10.0,4.0,-7.0,6.0,1.0,-20.0,-16.0,-10.0,-7.0,-3.0,1.0,4.0,20.0,-18.0,-2.0,6.0,11.0,15.0,12.0,18.0,-27.0,-18.0,-6.0,2.0,6.0,4.0,4.0,-22.0,16.0,-5.0,-17.0,-12.0,-21.0,-14.0,8.0,137.0,6.0,0.0,-22.0,-9.0,-19.0,-11.0,-15.0,-7.0,-7.0,18.0,18.0,27.0,42.0,28.0,34.0,11.0,-8.0,57.0,41.0,1.0,-40.0,11.0,17.0,3.0
to_be_better,-3.0,1.0,0.0,-2.0,-1.0,-2.0,-5.0,-3.0,-9.0,-1.0,0.0,5.0,5.0,-1.0,-5.0,-4.0,-19.0,-1.0,2.0,0.0,2.0,1.0,2.0,88.0,16.0,-4.0,-10.0,-4.0,5.0,5.0,13.0,44.0,-2.0,-3.0,-9.0,-8.0,-5.0,-43.0,-41.0,-5.0,-10.0,-10.0,0.0,-8.0,-6.0,-1.0,9.0,50.0,-11.0,-12.0,-3.0,1.0,-6.0,-63.0,-64.0,-10.0,-98.0,-80.0,-34.0,-8.0,14.0,-19.0,-4.0,-57.0
to_be_better,-4.0,7.0,4.0,1.0,-1.0,-3.0,-5.0,3.0,0.0,0.0,0.0,1.0,1.0,-4.0,-3.0,-7.0,-23.0,-14.0,-5.0,-14.0,-24.0,-12.0,13.0,-10.0,17.0,-10.0,-12.0,-22.0,-19.0,-31.0,-25.0,-13.0,-44.0,-10.0,-9.0,-3.0,-7.0,-8.0,-25.0,-57.0,20.0,1.0,9.0,22.0,13.0,4.0,34.0,71.0,79.0,-18.0,-30.0,-28.0,-30.0,-16.0,7.0,64.0,23.0,0.0,-5.0,29.0,54.0,145.0,165.0,90.0
to_be_better,0.0,-1.0,-3.0,0.0,-1.0,-3.0,1.0,-3.0,-2.0,-1.0,-3.0,-1.0,-3.0,1.0,2.0,7.0,-1.0,8.0,12.0,16.0,15.0,12.0,-13.0,0.0,-24.0,3.0,-4.0,-14.0,-5.0,7.0,9.0,-12.0,-5.0,1.0,-16.0,-17.0,-1.0,1.0,19.0,33.0,33.0,10.0,-5.0,0.0,-2.0,3.0,31.0,57.0,9.0,-2.0,-10.0,-20.0,-13.0,-10.0,-36.0,-10.0,-5.0,-15.0,-12.0,3.0,28.0,36.0,-15.0,-3.0
to_be_better,0.0,-2.0,-6.0,-7.0,-6.0,-5.0,-8.0,-14.0,-15.0,-17.0,2.0,3.0,-1.0,1.0,3.0,15.0,-11.0,3.0,1.0,3.0,-3.0,-7.0,-11.0,-27.0,-18.0,-38.0,-36.0,-26.0,-16.0,-3.0,-10.0,-3.0,-14.0,7.0,11.0,19.0,25.0,8.0,-15.0,-50.0,-12.0,12.0,27.0,14.0,-7.0,-3.0,0.0,5.0,11.0,-30.0,-7.0,-1.0,7.0,7.0,20.0,39.0,-132.0,-62.0,-5.0,10.0,49.0,21.0,1.0,-39.0
to_be_better,0.0,0.0,0.0,0.0,0.0,0.0,0.0,0.0,-2.0,-7.0,-8.0,-5.0,-9.0,-4.0,0.0,-8.0,-31.0,-68.0,-41.0,-16.0,-8.0,-5.0,-19.0,-38.0,3.0,-20.0,-36.0,-28.0,-4.0,-10.0,20.0,18.0,-6.0,-8.0,-16.0,-18.0,-15.0,-14.0,-26.0,-3.0,-63.0,-50.0,-28.0,-11.0,0.0,4.0,-7.0,-39.0,4.0,13.0,12.0,4.0,21.0,42.0,3.0,9.0,202.0,112.0,12.0,-1.0,9.0,-4.0,-7.0,88.0
to_be_better,10.0,8.0,18.0,8.0,7.0,3.0,2.0,6.0,4.0,2.0,-5.0,0.0,9.0,17.0,23.0,15.0,12.0,-9.0,-18.0,-13.0,0.0,0.0,1.0,45.0,-9.0,-11.0,-6.0,-2.0,1.0,0.0,-8.0,-49.0,-11.0,17.0,40.0,18.0,3.0,1.0,4.0,10.0,11.0,11.0,25.0,42.0,53.0,91.0,90.0,24.0,-99.0,-64.0,-62.0,-19.0,-13.0,-25.0,-26.0,-83.0,-14.0,4.0,0.0,4.0,7.0,78.0,91.0,-2.0
to_be_better,2.0,-7.0,-9.0,0.0,-2.0,0.0,1.0,4.0,-1.0,-1.0,-4.0,-11.0,-12.0,-2.0,1.0,1.0,-13.0,-27.0,-25.0,-31.0,-43.0,-17.0,13.0,-1.0,9.0,8.0,5.0,-1.0,1.0,19.0,22.0,30.0,31.0,5.0,-11.0,-2.0,-1.0,-4.0,-11.0,18.0,15.0,14.0,7.0,22.0,23.0,12.0,-10.0,-20.0,94.0,120.0,75.0,41.0,24.0,12.0,20.0,32.0,-14.0,2.0,6.0,2.0,6.0,16.0,-54.0,-18.0
to_be_better,2.0,6.0,9.0,11.0,16.0,11.0,-2.0,2.0,3.0,8.0,16.0,9.0,4.0,2.0,2.0,3.0,9.0,10.0,1.0,4.0,4.0,0.0,-2.0,38.0,3.0,3.0,8.0,-3.0,4.0,-14.0,15.0,20.0,-25.0,-2.0,1.0,-28.0,-34.0,-14.0,0.0,-46.0,-8.0,-18.0,-18.0,-27.0,-37.0,-30.0,-29.0,-139.0,12.0,-10.0,17.0,39.0,57.0,65.0,33.0,57.0,106.0,70.0,4.0,8.0,8.0,-3.0,-6.0,-10.0
to_be_better,3.0,-2.0,-3.0,0.0,0.0,-2.0,3.0,6.0,-13.0,-17.0,4.0,6.0,3.0,2.0,3.0,3.0,-12.0,-14.0,-10.0,-10.0,-5.0,-11.0,-20.0,-5.0,-23.0,-33.0,-10.0,-9.0,-2.0,2.0,3.0,-11.0,-2.0,3.0,9.0,-2.0,10.0,20.0,7.0,7.0,38.0,36.0,-19.0,-9.0,3.0,1.0,-5.0,-1.0,3.0,-14.0,-9.0,10.0,13.0,26.0,43.0,30.0,157.0,117.0,39.0,21.0,16.0,16.0,24.0,60.0
to_be_better,3.0,5.0,2.0,0.0,3.0,1.0,1.0,2.0,0.0,-3.0,1.0,1.0,2.0,-1.0,2.0,3.0,20.0,13.0,-7.0,-8.0,-2.0,-8.0,-17.0,-7.0,5.0,4.0,-3.0,-2.0,2.0,14.0,20.0,4.0,42.0,39.0,16.0,3.0,-3.0,-6.0,-26.0,-6.0,-6.0,5.0,10.0,19.0,21.0,4.0,-6.0,5.0,-7.0,-17.0,0.0,-22.0,-25.0,-3.0,-7.0,-50.0,14.0,-12.0,5.0,21.0,27.0,35.0,31.0,93.0
to_be_better,4.0,-1.0,1.0,-3.0,-4.0,6.0,9.0,15.0,-6.0,0.0,1.0,5.0,6.0,7.0,0.0,2.0,-19.0,-4.0,-20.0,-2.0,-7.0,-6.0,23.0,-51.0,-26.0,-46.0,-29.0,-14.0,-7.0,2.0,-7.0,-46.0,14.0,-10.0,-3.0,-2.0,2.0,9.0,-44.0,-69.0,-5.0,-15.0,-7.0,15.0,-25.0,3.0,0.0,-39.0,16.0,1.0,13.0,24.0,29.0,53.0,30.0,17.0,12.0,11.0,-4.0,-7.0,-10.0,2.0,-3.0,-24.0
to_be_better,4.0,1.0,3.0,8.0,6.0,6.0,9.0,1.0,6.0,2.0,4.0,-2.0,-4.0,-3.0,0.0,6.0,-25.0,0.0,1.0,8.0,9.0,10.0,25.0,74.0,-9.0,-10.0,-8.0,-9.0,-18.0,-4.0,17.0,-23.0,23.0,13.0,15.0,28.0,20.0,48.0,62.0,35.0,-21.0,-5.0,-2.0,-2.0,-20.0,-14.0,-19.0,-37.0,5.0,0.0,-19.0,-7.0,4.0,25.0,34.0,7.0,-5.0,-25.0,-11.0,-19.0,-16.0,-9.0,-14.0,-26.0
to_be_better,4.0,2.0,5.0,0.0,0.0,1.0,-7.0,45.0,-21.0,-4.0,2.0,9.0,-2.0,-2.0,2.0,-29.0,35.0,22.0,7.0,0.0,-9.0,5.0,4.0,40.0,20.0,8.0,7.0,7.0,0.0,5.0,25.0,86.0,-55.0,-27.0,-46.0,-21.0,-7.0,-3.0,-2.0,-24.0,-15.0,-14.0,-18.0,-28.0,-28.0,-22.0,-26.0,-31.0,-3.0,-46.0,-48.0,-28.0,-39.0,-28.0,-25.0,-46.0,-10.0,-5.0,5.0,11.0,16.0,29.0,-14.0,-42.0
to_be_better,7.0,0.0,7.0,1.0,-4.0,3.0,4.0,6.0,-27.0,-12.0,-9.0,-8.0,-6.0,-5.0,-1.0,13.0,-16.0,-27.0,-5.0,-1.0,-4.0,1.0,16.0,-2.0,18.0,17.0,32.0,46.0,26.0,22.0,18.0,21.0,98.0,77.0,25.0,16.0,8.0,15.0,32.0,43.0,-9.0,-6.0,-6.0,-22.0,-44.0,-79.0,-98.0,-24.0,-14.0,12.0,-25.0,-12.0,-4.0,-19.0,-8.0,-72.0,-5.0,-10.0,-24.0,-32.0,-21.0,-15.0,-16.0,-36.0
want,-1.0,-2.0,-6.0,-5.0,-4.0,-1.0,-1.0,0.0,8.0,-3.0,-2.0,0.0,0.0,-1.0,2.0,18.0,-3.0,-1.0,5.0,10.0,10.0,-2.0,-5.0,-5.0,-27.0,-9.0,2.0,-2.0,-5.0,-6.0,1.0,24.0,-1.0,-2.0,-5.0,-7.0,-10.0,-10.0,-4.0,-3.0,-67.0,-42.0,5.0,2.0,1.0,3.0,-6.0,-30.0,-3.0,-4.0,-3.0,-14.0,-5.0,-3.0,-4.0,0.0,-4.0,-43.0,-20.0,-13.0,-20.0,-7.0,16.0,33.0
want,-1.0,1.0,2.0,0.0,0.0,-3.0,-4.0,-5.0,-3.0,-2.0,0.0,-3.0,-2.0,-1.0,-6.0,-12.0,-21.0,25.0,22.0,12.0,-7.0,0.0,4.0,2.0,-2.0,-2.0,0.0,4.0,2.0,5.0,12.0,6.0,27.0,15.0,-5.0,-9.0,-3.0,-4.0,6.0,14.0,-2.0,-6.0,-4.0,-5.0,-13.0,-9.0,10.0,4.0,-98.0,-3.0,27.0,28.0,14.0,8.0,-12.0,-36.0,-5.0,-3.0,-4.0,0.0,-7.0,-8.0,2.0,2.0
want,-10.0,-7.0,1.0,3.0,2.0,-1.0,-4.0,-4.0,0.0,6.0,3.0,-6.0,0.0,5.0,3.0,-1.0,-29.0,-21.0,-2.0,7.0,8.0,-2.0,-7.0,-2.0,-1.0,0.0,0.0,-3.0,-5.0,-1.0,1.0,3.0,-40.0,-48.0,-25.0,-6.0,-23.0,-11.0,-6.0,-10.0,-3.0,-4.0,-7.0,-2.0,-2.0,6.0,-6.0,-8.0,-50.0,-40.0,-31.0,-37.0,-23.0,-9.0,-5.0,-19.0,-3.0,-3.0,-3.0,-1.0,0.0,8.0,1.0,-16.0
want,-16.0,-15.0,-2.0,-2.0,-1.0,2.0,2.0,0.0,2.0,9.0,5.0,5.0,4.0,1.0,-2.0,0.0,4.0,-5.0,8.0,14.0,8.0,-2.0,-5.0,2.0,1.0,2.0,-3.0,-3.0,-2.0,1.0,4.0,2.0,11.0,-16.0,-14.0,-9.0,-15.0,-12.0,-12.0,-16.0,-1.0,-3.0,-9.0,-14.0,-8.0,1.0,5.0,-54.0,-4.0,26.0,-3.0,-18.0,-6.0,0.0,-8.0,-10.0,-4.0,-4.0,-8.0,-9.0,-14.0,-6.0,0.0,13.0
want,-2.0,-1.0,0.0,2.0,0.0,0.0,2.0,0.0,9.0,0.0,-2.0,-5.0,-3.0,-4.0,-5.0,-7.0,-2.0,-2.0,-1.0,0.0,-4.0,-1.0,-3.0,1.0,56.0,34.0,26.0,19.0,14.0,9.0,10.0,31.0,0.0,0.0,3.0,-4.0,-3.0,5.0,-2.0,-2.0,32.0,17.0,34.0,20.0,8.0,11.0,4.0,10.0,-2.0,-2.0,-3.0,4.0,2.0,-6.0,-3.0,-7.0,-50.0,-13.0,-17.0,-17.0,-19.0,-16.0,-9.0,-27.0
want,-2.0,-3.0,-3.0,0.0,1.0,-2.0,-5.0,-3.0,3.0,10.0,9.0,-1.0,-1.0,0.0,2.0,0.0,-1.0,0.0,3.0,10.0,10.0,1.0,3.0,1.0,13.0,11.0,-6.0,-5.0,-6.0,-2.0,-2.0,3.0,-4.0,-2.0,-1.0,-10.0,-7.0,0.0,-4.0,-3.0,-23.0,-2.0,4.0,-14.0,4.0,2.0,-3.0,-16.0,-5.0,-9.0,-18.0,-20.0,-14.0,-9.0,-2.0,-1.0,2.0,8.0,25.0,6.0,22.0,10.0,-12.0,-22.0
want,-3.0,-2.0,-1.0,2.0,6.0,-1.0,0.0,-10.0,3.0,6.0,6.0,3.0,5.0,5.0,3.0,13.0,-2.0,-2.0,-5.0,-9.0,-8.0,-2.0,-6.0,1.0,48.0,40.0,11.0,10.0,10.0,9.0,6.0,4.0,-3.0,0.0,7.0,8.0,11.0,1.0,-14.0,-7.0,-48.0,-8.0,-3.0,2.0,3.0,-8.0,-14.0,-30.0,-1.0,1.0,0.0,2.0,1.0,-13.0,-15.0,-7.0,-1.0,-12.0,-43.0,-23.0,-1.0,-5.0,-16.0,-9.0
want,-3.0,-3.0,-6.0,1.0,0.0,-1.0,-3.0,-15.0,0.0,0.0,0.0,0.0,1.0,3.0,2.0,0.0,46.0,29.0,21.0,4.0,0.0,-1.0,5.0,-3.0,-5.0,-1.0,-5.0,-4.0,-6.0,-7.0,-10.0,-14.0,-68.0,-33.0,-1.0,7.0,1.0,-5.0,-6.0,-11.0,-3.0,-4.0,-1.0,2.0,-6.0,2.0,3.0,-4.0,-12.0,-4.0,44.0,34.0,8.0,3.0,1.0,-5.0,-4.0,4.0,10.0,13.0,3.0,-7.0,-13.0,-8.0
want,-4.0,-3.0,-5.0,-3.0,-3.0,-5.0,-8.0,-25.0,0.0,-8.0,-7.0,-7.0,-2.0,-1.0,4.0,14.0,-3.0,0.0,5.0,6.0,0.0,-6.0,-5.0,-4.0,49.0,29.0,18.0,9.0,0.0,-1.0,-4.0,-15.0,-1.0,0.0,3.0,4.0,-2.0,3.0,1.0,9.0,-35.0,-19.0,-6.0,-11.0,-13.0,-10.0,2.0,-17.0,-6.0,-4.0,-4.0,-2.0,0.0,-13.0,-13.0,-4.0,23.0,8.0,1.0,-20.0,-3.0,5.0,5.0,22.0
want,-5.0,-5.0,-1.0,-1.0,-1.0,-1.0,1.0,13.0,0.0,0.0,-1.0,-2.0,-1.0,0.0,-2.0,-3.0,-43.0,6.0,2.0,-9.0,-10.0,-6.0,-2.0,-3.0,-3.0,-3.0,-6.0,-5.0,0.0,-3.0,-2.0,-3.0,-8.0,-22.0,-19.0,-16.0,-8.0,-7.0,-8.0,-1.0,1.0,1.0,-8.0,-7.0,-11.0,-9.0,0.0,-9.0,-59.0,-16.0,-3.0,-2.0,14.0,7.0,-3.0,-19.0,-6.0,-4.0,-8.0,-12.0,-14.0,-4.0,1.0,-2.0
want,0.0,-2.0,-3.0,-1.0,-2.0,-1.0,-3.0,1.0,-16.0,-5.0,-1.0,-1.0,-3.0,-7.0,-9.0,-16.0,-2.0,-3.0,-7.0,-4.0,-4.0,-6.0,-4.0,-4.0,8.0,1.0,14.0,16.0,10.0,14.0,-7.0,-10.0,-2.0,-7.0,-10.0,-14.0,-6.0,-8.0,-3.0,0.0,-23.0,-28.0,-21.0,-8.0,-8.0,-3.0,-15.0,-23.0,-3.0,-1.0,-1.0,-3.0,-11.0,-3.0,1.0,-1.0,60.0,55.0,-5.0,1.0,9.0,-3.0,-6.0,4.0
want,0.0,0.0,1.0,-2.0,0.0,-2.0,-2.0,-1.0,-3.0,4.0,-4.0,-2.0,-2.0,-2.0,-5.0,-6.0,-5.0,-4.0,-4.0,-10.0,-12.0,-5.0,-8.0,-22.0,-13.0,0.0,-4.0,-10.0,-2.0,2.0,-1.0,-24.0,-4.0,-2.0,3.0,0.0,4.0,7.0,-3.0,-15.0,-11.0,-10.0,-4.0,5.0,6.0,-2.0,-6.0,-9.0,-3.0,-5.0,-2.0,-5.0,5.0,5.0,-4.0,-13.0,31.0,12.0,-8.0,-2.0,-11.0,-11.0,3.0,-12.0
want,0.0,10.0,12.0,7.0,2.0,-1.0,-5.0,-7.0,1.0,2.0,2.0,0.0,-3.0,6.0,4.0,1.0,-29.0,-9.0,-9.0,-10.0,-9.0,-16.0,-17.0,-23.0,-3.0,-5.0,-10.0,-13.0,-8.0,-10.0,-9.0,0.0,-9.0,-4.0,-1.0,-8.0,-12.0,-5.0,0.0,21.0,-4.0,-4.0,0.0,0.0,-1.0,-2.0,-5.0,-5.0,40.0,64.0,44.0,34.0,65.0,40.0,8.0,9.0,-2.0,-7.0,-10.0,-4.0,-7.0,0.0,-2.0,33.0
want,0.0,4.0,0.0,-3.0,-1.0,2.0,2.0,-1.0,9.0,4.0,-2.0,-2.0,0.0,-1.0,1.0,10.0,-3.0,-5.0,-2.0,-2.0,-5.0,-1.0,1.0,-1.0,32.0,9.0,-2.0,1.0,0.0,-1.0,2.0,7.0,-1.0,1.0,-6.0,-6.0,-8.0,-6.0,-6.0,-1.0,-49.0,-45.0,-2.0,2.0,3.0,-8.0,-14.0,-18.0,-4.0,-3.0,-7.0,-6.0,-8.0,-9.0,-12.0,-4.0,-63.0,-40.0,7.0,-7.0,4.0,5.0,-7.0,-4.0
want,1.0,-1.0,-1.0,-2.0,-3.0,0.0,-1.0,-24.0,0.0,-1.0,-3.0,-5.0,-4.0,-1.0,-1.0,0.0,-1.0,5.0,-4.0,-12.0,-10.0,-3.0,-3.0,-30.0,-1.0,1.0,3.0,-5.0,-3.0,-2.0,-1.0,1.0,34.0,-31.0,-29.0,-26.0,-28.0,-20.0,9.0,52.0,-2.0,-4.0,-7.0,-3.0,0.0,-3.0,-3.0,3.0,9.0,21.0,17.0,-5.0,20.0,6.0,-4.0,8.0,-5.0,-8.0,-8.0,-9.0,1.0,-5.0,-12.0,0.0
want,1.0,0.0,3.0,3.0,4.0,9.0,3.0,0.0,-1.0,-4.0,-3.0,-6.0,-2.0,1.0,0.0,7.0,-4.0,-2.0,0.0,2.0,3.0,-8.0,-5.0,-7.0,35.0,29.0,18.0,8.0,10.0,9.0,9.0,22.0,-3.0,-2.0,-7.0,-11.0,-11.0,-1.0,0.0,-2.0,-63.0,-51.0,-19.0,-6.0,-8.0,-5.0,-2.0,-22.0,-5.0,-7.0,-7.0,-12.0,-5.0,1.0,-5.0,-1.0,-25.0,7.0,23.0,15.0,7.0,-7.0,-11.0,-18.0
want,1.0,3.0,9.0,-2.0,-1.0,-1.0,1.0,0.0,-2.0,-3.0,-3.0,1.0,-2.0,2.0,0.0,-3.0,2.0,3.0,-4.0,-9.0,-5.0,-1.0,-2.0,-10.0,-3.0,0.0,-2.0,3.0,6.0,1.0,-5.0,-14.0,-7.0,-22.0,-12.0,-7.0,-6.0,6.0,1.0,-16.0,-3.0,-3.0,-3.0,-5.0,-5.0,-8.0,-12.0,-8.0,-37.0,-18.0,-2.0,7.0,2.0,-3.0,1.0,-9.0,0.0,-5.0,-3.0,-3.0,-5.0,-8.0,1.0,10.0
want,33.0,18.0,5.0,2.0,0.0,4.0,8.0,50.0,-2.0,-3.0,-3.0,-3.0,-3.0,-6.0,-5.0,-1.0,-34.0,-48.0,-18.0,-10.0,-11.0,-4.0,3.0,-3.0,-3.0,-1.0,-1.0,-5.0,-5.0,5.0,1.0,-3.0,30.0,25.0,0.0,-15.0,-4.0,-7.0,-11.0,-28.0,-1.0,-3.0,0.0,0.0,1.0,0.0,-1.0,8.0,-22.0,4.0,4.0,-12.0,-12.0,-7.0,-10.0,-12.0,-2.0,-2.0,-1.0,-6.0,0.0,-3.0,-9.0,-13.0
want,48.0,23.0,13.0,-2.0,3.0,3.0,8.0,25.0,-1.0,0.0,-4.0,-3.0,-6.0,-5.0,-7.0,6.0,11.0,26.0,-2.0,-5.0,4.0,3.0,-4.0,1.0,-4.0,-1.0,-1.0,-2.0,-2.0,1.0,-7.0,-15.0,-50.0,-6.0,-19.0,-16.0,4.0,34.0,10.0,18.0,3.0,-1.0,6.0,12.0,12.0,2.0,-1.0,-19.0,51.0,42.0,19.0,12.0,10.0,-15.0,-12.0,12.0,-5.0,-1.0,1.0,4.0,7.0,5.0,-4.0,-16.0
want,7.0,18.0,7.0,3.0,0.0,1.0,1.0,2.0,1.0,-6.0,-1.0,0.0,1.0,2.0,-1.0,0.0,2.0,-5.0,-7.0,-8.0,1.0,2.0,1.0,2.0,-2.0,-4.0,-9.0,-4.0,-4.0,-7.0,-4.0,-1.0,-72.0,-46.0,-8.0,-10.0,-16.0,-12.0,-16.0,-51.0,-2.0,0.0,2.0,1.0,-3.0,-2.0,0.0,0.0,89.0,46.0,8.0,-3.0,-9.0,2.0,10.0,58.0,-2.0,1.0,0.0,-6.0,-4.0,-4.0,-4.0,-3.0
