COMMUNICATE,-10.175355780503947,0.0376420646360265,-0.38302139998429546,0.5442441717904397,-0.20845716461246763,0.0,-0.0,10374.06231131506,273.27381794933723
COMMUNICATE,-13.155437325806673,0.05118161261126867,-0.6733164969412614,0.4540290468186602,-0.3057052473135202,0.0,-0.0,10359.091599384852,282.36618537764286
COMMUNICATE,-16.79726989315497,0.0,-0.0,0.5394531883349224,-0.0,0.0,-0.0,9072.090971473386,248.79800899226117
COMMUNICATE,-46.79433330935852,0.030198740417120003,-1.41312992460151,0.5556402530358747,-0.7851918688781496,0.0,-0.0,9134.412432319867,285.05874580423006
COMMUNICATE,100.5351726347084,0.024233590420628,2.436328196496652,0.5385940354218536,1.3121918349631785,0.0,0.0,10494.931947069943,208.02159671454035
COMMUNICATE,101.23310069840946,0.012410217273739999,1.2563247749616617,0.7675978880804951,0.9643522440037748,0.0,0.0,5575.671907538525,291.2808338054178
COMMUNICATE,106.34897672614782,0.0,0.0,0.6202347185314033,0.0,0.0,0.0,7523.395999537519,265.7845208867774
COMMUNICATE,107.4738461093977,0.010710084295246,1.1510539513659457,0.7699929735706311,0.8863034547524892,0.0,0.0,11695.919068998108,275.1942416093
COMMUNICATE,107.4926657779579,0.022019383301760002,2.366922209892835,0.49285318790929217,1.1665451566789904,0.0,0.0,9884.611053719009,285.08156727082684
COMMUNICATE,109.85725793932879,0.026675241902028003,2.9304689302250817,0.6602221907362985,1.9347606169978606,0.0,0.0,9596.016118377593,269.18286139580016
COMMUNICATE,113.11784812352298,0.012113545743999001,1.3702582277070272,0.6489508759190974,0.8892302771058254,0.0,0.0,10959.53561983471,346.68349445743854
COMMUNICATE,124.99387014746708,0.069547974316949,8.693070470792097,0.4203698800448673,3.654304991028452,0.0,0.0,15403.10913580247,303.36072643475694
COMMUNICATE,126.42868573772719,0.018630191510040004,2.355390627656521,0.7082195615751962,1.6681337176572273,0.0,0.0,11982.547193387156,275.5392399615897
COMMUNICATE,127.50370269061828,0.026409335044070004,3.367288003716028,0.49180316126783286,1.6560428851267928,0.0,0.0,6973.905387052964,301.3711250295612
COMMUNICATE,128.7913902546594,0.038915492853588,5.0119804270588615,0.5762648072792754,2.8882279348865754,0.0,0.0,9179.042469135802,252.05934641120132
COMMUNICATE,132.49649269774645,0.09248277839911426,12.253643772825544,0.537005244338749,6.580270968266171,0.0,0.0,10622.787807183364,284.75432602303954
COMMUNICATE,132.93239292944367,0.009003693784128,1.1968825599280928,0.580799709055676,0.695149042580049,0.0,0.0,9138.994082840236,300.191538511905
COMMUNICATE,137.9113452000955,0.0170077826856,2.345566189041989,0.5326472355787711,1.2493593464602488,0.0,0.0,7802.24609375,256.1528014813906
COMMUNICATE,147.83199630119168,0.024584995679903996,3.634448990416381,0.8839405519695313,3.212636846693761,0.0,0.0,7397.175028344673,251.6089040042702
COMMUNICATE,147.89201929198015,0.046586299056939666,6.8897418388708775,0.53506021500532,3.6864267496374,0.0,0.0,12528.0,281.2153026564434
COMMUNICATE,149.77005098466,0.0,0.0,0.6756169712026282,0.0,0.0,0.0,10544.650404540513,289.28074182801834
COMMUNICATE,156.6962856029572,0.030416238185024997,4.76611154560825,0.7988485127903369,3.807401120002004,0.0,0.0,11018.9475,310.06692507334316
COMMUNICATE,190.05292150053575,0.0314607301369635,5.979203675069864,0.8087421421130457,4.835633988306197,0.0,0.0,11417.578504155128,308.4629691505986
COMMUNICATE,190.86095696035252,0.07506606331332599,14.32718067922781,0.4928838706811429,7.06163626912589,0.0,0.0,9883.32955017301,251.0292589056955
COMMUNICATE,191.66450864204126,0.0,0.0,0.8243207074530855,0.0,0.0,0.0,9162.005092802172,300.3984512303991
COMMUNICATE,207.04026579254355,3.4051304214200004E-4,0.07049991075090727,0.6948242589988692,0.04898504824698555,0.0,0.0,6847.550004367194,362.87397754795177
COMMUNICATE,23.518362316592764,0.13580692875103,3.1939565554704226,0.428883664799272,1.3698357927198141,0.0,0.0,11158.536926938828,244.16850638959892
COMMUNICATE,31.585659925878357,0.0109503698948295,0.34587465956066094,0.5358824572468959,0.18534816246480054,0.0,0.0,6016.839506172841,287.1966245866294
COMMUNICATE,32.36729997059862,0.0,0.0,0.6160881342538648,0.0,0.0,0.0,9408.039995918783,283.0942941829792
COMMUNICATE,34.28038261248147,0.0,0.0,0.7217034614737807,0.0,0.0,0.0,7067.3032098765425,200.52494868138268
COMMUNICATE,35.28302691163327,0.033468426673245,1.1808673990021281,0.5855148088604463,0.6914153494162634,0.0,0.0,6599.45987654321,279.94494204020515
COMMUNICATE,36.759122902389116,0.017911486048456004,0.6584105170196222,0.6323295556364731,0.4163324296533982,0.0,0.0,8535.346290170133,239.10710823662208
COMMUNICATE,38.88668454046695,0.034421454303519006,1.3385362349250423,0.400292611421756,0.5358061649607903,0.0,0.0,13885.613504661122,411.798884523459
COMMUNICATE,39.09303403941912,0.07473469001327467,2.921605780614383,0.4956967452113424,1.4482304762411928,0.0,0.0,7676.781072778828,285.01947866928856
COMMUNICATE,45.31616182291269,0.0295298866680995,1.338181122863869,0.5640854139627836,0.7548484526478481,0.0,0.0,8294.0380859375,209.77217812816087
COMMUNICATE,47.53298110514136,0.0,0.0,0.6204796021851307,0.0,0.0,0.0,9920.1708984375,204.28274857942895
COMMUNICATE,49.02007474490568,0.00959633662771,0.4704131387676203,0.9099521361557136,0.4280534404973102,0.0,0.0,8455.323434903048,282.6021746459846
COMMUNICATE,49.35133738337211,0.0,0.0,0.4152598289023891,0.0,0.0,0.0,8877.222222222223,291.4088907311362
COMMUNICATE,49.89871511159523,0.007155757846212,0.35706312217569486,0.7513750349183467,0.2682883158928166,0.0,0.0,10399.201901312812,267.5190755326555
COMMUNICATE,508.2447443717079,0.0250230081853605,12.717812398579701,1.1244429168812653,14.30045406980768,0.0,0.0,10143.888888888889,302.313957446048
COMMUNICATE,51.01817710976413,0.09218341995721951,4.7030300459611905,0.43541181061208467,2.0477548276749977,0.0,0.0,6574.717785467127,223.76804710776122
COMMUNICATE,60.34700384789864,0.0,0.0,0.5171681777629201,0.0,0.0,0.0,6067.245044817572,268.35323946453804
COMMUNICATE,67.00319452922882,0.06853928264419,4.59235088790246,0.5229410187997495,2.4015286520056467,0.0,0.0,9292.155570934256,275.91669942714503
COMMUNICATE,73.03644827180817,0.0422137845487395,3.083144891551268,0.40940338601261916,1.2622499581685986,0.0,0.0,8216.740310566847,211.74764683389517
COMMUNICATE,74.1776392195076,0.0,0.0,0.8490703179881518,0.0,0.0,0.0,13438.616256214593,269.8482619025977
COMMUNICATE,76.27217561065193,0.041498783883274666,3.1652025319736175,0.5398030768845652,1.708586065722175,0.0,0.0,7748.2177455862375,242.9048467451281
COMMUNICATE,88.91093901767647,0.14187683218626,12.61440237453368,0.499663667066368,6.302958548310199,0.0,0.0,16921.87765432099,293.62804098667755
COMMUNICATE,92.41802655899423,0.022601375768786,2.088774546069473,0.4464616520093696,0.932557734513298,0.0,0.0,7937.964099722993,306.0144063738295
COMMUNICATE,93.81859865000925,0.0,0.0,0.49736666601392837,0.0,0.0,0.0,8202.24,237.69962253343982
COMMUNICATE,97.03709767156262,0.0,0.0,0.8215066121344126,0.0,0.0,0.0,7650.391257094554,247.36220135529643
DEAF,-1003.1624256686391,0.03537321164683352,-35.48507679932767,7.5906396769853615,-269.3544318938493,-3.20571283834192,113.75496626515373,12761.769317205368,227.06684666120594
DEAF,-1014.6106135880615,0.06335115053099466,-64.27674971176214,2.758467693777056,-177.30533754088952,-1.0886520568738571,69.97501578287596,12023.4375,165.6987132345967
DEAF,-1028.7928095034101,0.04634119070306916,-47.67548377914383,3.090756513386834,-147.35331201925717,-3.2117760877529777,153.12297877390913,11479.801578443878,216.50405527944366
DEAF,-1036.042706475434,0.039549941375064436,-40.9754283031665,3.672904375065861,-150.49882988489776,-2.651362731472413,108.64072350913557,11839.697196525667,224.8064653776705
DEAF,-1043.7575629209568,0.044710086069025975,-46.66649047339278,3.753577903263586,-175.16630746378777,-2.336348723146855,109.02919543125608,15608.441368704343,124.02406620891912
DEAF,-1070.40942824976,0.03504067880984073,-37.50787297032509,7.181206866665321,-269.35179492850915,-3.0094256006859936,112.87715314417453,16318.862244498394,157.2511241493413
DEAF,-1073.5660012316796,0.06456827653720261,-69.31830644846589,5.555295858630884,-385.08370074046906,-0.9525917116004866,66.03204418499116,12883.793509154604,210.8169348457054
DEAF,-1086.578381759288,0.0583334610458651,-63.38387770563457,3.1823851949048545,-201.71191400607134,-0.8211169250045598,52.04557475651573,5270.77743484225,193.02793542310815
DEAF,-1096.4225143246185,0.045752984187885516,-50.16460196113595,3.646375592834008,-182.91898021531915,-1.4999559018171034,75.24469077391171,12936.135189711975,186.98354757065107
DEAF,-1120.644665543343,0.03914947315473745,-43.87264824968884,4.52115095199555,-198.3548654006466,-2.924156075064769,128.29047090850733,11258.116248890106,219.3085936027192
DEAF,-1129.2742261693368,0.033802890714623744,-38.172733254043386,5.077555186659703,-193.8241597230453,-3.1587219020484536,120.57704859060019,17062.829717291257,238.04562826785406
DEAF,-1132.0646716944916,0.06249466156520439,-70.74799852747147,7.418703364190954,-524.8584146855292,-1.048152091209457,74.15466260545281,20307.665658856135,235.47687843686708
DEAF,-1210.0355870904257,0.07802937961317508,-94.41832617053,3.3675573985585125,-317.95913285507913,-1.019320632193699,96.2425479228155,13569.119348522603,217.71310577718694
DEAF,-1211.3013228629457,0.04994477137623375,-60.49816763811933,2.629455325340185,-159.0772290693761,-3.217876324535117,194.67562132046078,12987.559646431442,241.1564960980104
DEAF,-1218.9457386597187,0.06150221494003336,-74.96786281928776,3.307922470543032,-247.9878779885095,-0.9666108157741707,72.46474703659787,10185.411178355287,214.634614392766
DEAF,-1235.680432522659,0.041190706763707736,-50.89855034969239,3.51441063417941,-178.87840661327508,-2.6829674207347467,136.55915235085183,26537.528888888886,220.8468308070434
DEAF,-1247.9688161575339,0.0423535186314274,-52.85587050656851,3.6279620786237055,-191.75909383047568,-2.74559631717618,145.12088340397557,12431.928888888888,206.75396571311163
DEAF,-1250.1280767742046,0.04378521255466383,-54.737123562111655,8.811591145625021,-482.3211533168858,-1.9844950643708823,108.6255515468697,9098.572314049587,189.86264542281083
DEAF,-1253.9974629559586,0.03964249971836735,-49.711594072064955,5.689491270654392,-282.83368052332816,-1.5515936227496625,77.13219233893591,10490.719909098287,248.02633548221337
DEAF,-1283.754506505874,0.04950217507370063,-63.54864033270593,2.9109605982101163,-184.98758807833318,-1.9686159865909514,125.10286928508341,15336.717692525215,210.97997819170922
DEAF,-1288.7975266186718,0.04930546179698166,-63.54475721274138,3.2828867594543665,-208.61024208645102,-1.5796364211973106,100.37761286938678,9880.2099,164.7730685059656
DEAF,-1294.3005212447076,0.03807015439998991,-49.27422068377344,5.003132423564089,-246.52545114883918,-3.097322129315624,152.61813412863313,11233.069393860562,192.19906031427584
DEAF,-1304.5883861069422,0.05646363195503242,-73.66179848595212,3.814275970126109,-280.966427881239,-1.098862319923319,80.94417477399737,6916.968924615234,216.6861202523871
DEAF,-1347.089576366927,0.045906024253439794,-61.83952676425609,8.908946534027416,-550.9250376323149,-1.6870751821612529,104.32793088057302,16089.446167800455,185.90182032100427
DEAF,-1378.9745137397651,0.05185721447603385,-71.50977711598749,2.3484092829905476,-167.93422440377006,-2.0872721207950247,149.26036413846674,24976.6875,224.9690919236645
DEAF,-1413.002334805801,0.06463260898379651,-91.32602739869486,2.24009476230651,-204.5789556380772,-1.7057285727523868,155.77741436992116,13199.180365097389,181.54682733116445
DEAF,-1413.5433801235893,0.06206261881608588,-87.72820398061191,2.453165946512769,-215.21184255396307,-0.9350149408724348,82.02718145777673,13704.197896975425,178.4016606744079
DEAF,-1421.9569784142295,0.05817373405888061,-82.72054710543883,4.169101166156713,-344.8703294024063,-0.9294392966294303,76.88372711848072,9427.41,216.4084259616419
DEAF,-1423.688660418879,0.06640795138462421,-94.54424734793768,1.8784656887887492,-177.59812471545763,-1.4497880949045627,137.06912424675232,15694.962354790809,200.6733344829074
DEAF,-1427.6910316814317,0.05105171208008238,-72.88607148871621,1.8424374299217192,-134.288026230761,-1.6096879436893097,117.32383053826362,13386.595336076816,223.43497415189842
DEAF,-1445.4041038000846,0.06523112502500279,-94.28533580663543,6.737385600556779,-635.236663807286,-0.8067863140509997,76.06811854449613,25408.58289930555,193.74865528830395
DEAF,-1474.4686365661423,0.043992826836260206,-64.86604340395098,3.959939221524616,-256.8655894204236,-2.7083002323574195,175.6767204230269,13961.358589485779,198.56441208505157
DEAF,-1568.6430335979687,0.07247959369810576,-113.69460973254483,1.7817746476837615,-202.57817319974782,-0.7406371902965683,84.20645630417687,16819.012196594613,172.0400486267327
DEAF,-1583.6152872985588,0.05557247442919131,-88.0054200590756,2.2710086621519814,-199.86107127048444,-1.867302316476699,164.33272473881684,10183.236643990931,202.61772363582998
DEAF,-1616.095336563032,0.07124224531107201,-115.13426041350301,2.1398274753693536,-246.36745378914387,-1.807523064407533,208.10783120090989,15070.644600591717,184.28962117017517
DEAF,-1723.806512358064,0.03413930506238129,-58.84955639391149,5.020028741852649,-295.426464542714,-2.1254017140562147,125.07894803106736,13505.817599999998,191.36054990405017
DEAF,-525.5683213657911,0.06777878271546506,-35.622381055983666,2.168013874432371,-77.22981636968944,-1.20137617847867,42.79588002134863,9552.521603954081,158.9651584121731
DEAF,-697.5730105166125,0.050287874857330266,-35.07946425671054,7.621374589731619,-267.35373750749227,-1.3660016578521281,47.91860633123107,15203.90101508916,180.43162710938617
DEAF,-779.5237815609765,0.06208729794387206,-48.39852528011019,3.3842696079763828,-163.79365817635357,-1.0032112039048566,48.55394281347898,12665.198473936902,191.09540717979235
DEAF,-813.7840516750238,0.03971793556901157,-32.321822531517775,3.4740691825657004,-112.28824758110359,-2.3490479674043865,75.92551152046713,13468.809073724007,144.37017950570518
DEAF,-816.4429295566158,0.05332442328614624,-43.53634836465826,5.9815149517411665,-260.4133186874155,-0.8595796402901127,37.422958666837985,13156.929160997734,156.9660592441168
DEAF,-845.022894907196,0.05907243927401071,-49.91756364455407,3.6628468737784825,-182.8403919420933,-1.061461023037317,52.985548173678744,8027.194706994328,199.4796820659683
DEAF,-851.3148693722131,0.034002269035638306,-28.94663722243327,4.810944145476824,-139.26065487650683,-3.635528278616942,105.23631819302193,10421.95894513843,208.35461212487098
DEAF,-861.0440726732062,0.07473608519730068,-64.3510631739355,6.183502425651107,-397.91495522925777,-0.9177668207575221,59.059270661509245,15500.303850156086,204.15240138987002
DEAF,-881.0222576180134,0.06456132046529674,-56.87996031113578,3.1044084838802726,-176.5786313526631,-1.09082270639328,62.04595224613549,10678.235614366728,230.52541420512827
DEAF,-902.4605983019557,0.04260087317564024,-38.44560949427403,9.420309829231275,-362.16955300969687,-4.292551628246279,165.02976363356657,8470.6875,133.59328758604212
DEAF,-933.1826395506603,0.03668903637609244,-34.237571808012135,4.040034200225671,-138.3209610370513,-2.970649493186528,101.7078253394086,11982.764359838719,222.92692585963107
DEAF,-936.5652665790767,0.05822361456507687,-54.53021509633863,2.2424614016900097,-122.28190257939325,-1.630661548885727,88.9203250100674,15098.326258908297,217.20475650420943
DEAF,-941.0618569758922,0.048721317939849344,-45.84977393478747,7.51561936655944,-344.5894489366609,-0.9007865453381898,41.300859467254185,11197.386056191468,121.07613244376802
DEAF,-980.449352912963,0.03517286264541412,-34.485210420792804,8.734640462508617,-301.2159142995806,-2.3696868965347817,81.71915125839742,18466.983475604982,211.95774379584165
I,-213.6749416290987,0.0,-0.0,0.14199456185913004,-0.0,0.0,-0.0,838.2262832571889,223.00197291013413
I,-240.4843845760196,0.01827730159299961,-4.395405625302814,0.13783572356146884,-0.6058439147097637,0.0,-0.0,490.79150962110697,243.58962192540298
I,-267.7057149166523,0.004175236184345,-1.1177345876759537,0.16056477623389714,-0.1794688039590768,0.0,-0.0,822.328888888889,218.51736611233932
I,-271.9635819891883,0.016806040454180597,-4.57063096097416,0.1789665349689653,-0.8179899857074175,0.0,-0.0,444.68133174791905,191.9560245342214
I,-279.57869390918944,0.016780025163151125,-4.691337518877125,0.05859926009546622,-0.2749089074642998,0.0,-0.0,659.5484467455623,300.8918995817048
I,-287.9732066902299,0.0,-0.0,0.26133411816368696,-0.0,0.0,-0.0,688.6046712802768,198.345185897729
I,-288.07842829122075,0.0,-0.0,0.32426528682428585,-0.0,0.0,-0.0,1711.8824489795916,400.92067709353915
I,-288.35648356468334,0.0,-0.0,0.18986792457828755,-0.0,0.0,-0.0,1889.6771555555556,254.48256856272482
I,-288.9543370176913,0.0024646731997335003,-0.7121780103942653,0.23431888950313018,-0.16687676052413294,0.0,-0.0,1044.1823981985362,309.04075838358335
I,-295.17011494985616,0.0,-0.0,0.15802950187196163,-0.0,0.0,-0.0,538.5816289262234,351.1527077138067
I,-312.07289982806054,0.003953297066398334,-1.2337168793926927,0.13176143757674075,-0.16255630959147166,0.0,-0.0,648.6968297937826,204.38795567197624
I,-313.15858899114266,0.0,-0.0,0.13181875633951412,-0.0,0.0,-0.0,497.8532231404959,300.8155811682195
I,-315.8832782719577,0.0052600036297288,-1.66154719028113,0.13019177225853082,-0.21631977339388267,0.0,-0.0,784.5912094225797,294.51632093644685
I,-317.7933158452381,0.01990159334356933,-6.324593339256417,0.15804704194845648,-0.9995832687963874,0.0,-0.0,1453.149407911313,218.64412597950903
I,-336.5259730843143,0.0,-0.0,0.2743095342242116,-0.0,0.0,-0.0,880.4925127830534,264.9602887686
I,-342.66049009742267,0.0015468163049182858,-0.5300328331339842,0.14549042081093308,-0.07711469993627443,0.0,-0.0,789.1438605619146,248.80145970073139
I,-344.0523956239586,0.0067997404727304445,-2.3394669992640984,0.1046669990931217,-0.24486499029036354,0.0,-0.0,566.927732289071,303.42558563523613
I,-344.2227251303001,0.0,-0.0,0.2405658703739245,-0.0,0.0,-0.0,541.9968812653152,299.7287045310049
I,-348.9478618334181,0.002170892746299714,-0.7575283820909622,0.30518533880498505,-0.23118655594282247,0.0,-0.0,849.8216735253775,305.9048537863989
I,-350.43255829076566,0.011697777162860997,-4.099281977496673,0.22178174560075045,-0.9091459126789084,0.0,-0.0,860.0562454346239,291.95117651727605
I,-354.22935163316276,0.0,-0.0,0.24192300538060404,-0.0,0.0,-0.0,784.5457785698374,256.33681390822966
I,-354.47215471679436,0.0,-0.0,0.13920158068916452,-0.0,0.0,-0.0,671.0454178984145,259.2922138965815
I,-359.0768068516851,0.013314150267395774,-4.780802563959984,0.10278629739972694,-0.491400994148568,0.0,-0.0,663.0634430727024,292.30744025613745
I,-362.09928431920594,0.0026689291540397367,-0.9664173365764523,0.13031056122848622,-0.12593438551021638,0.0,-0.0,471.50228433216876,277.1198019705536
I,-364.9424604838992,0.0,-0.0,0.21277032823693962,-0.0,0.0,-0.0,691.3876337693222,277.7093164773168
I,-379.0261665705888,0.007534988321108285,-2.85595773850383,0.13579653999857055,-0.3878291792709625,0.0,-0.0,662.1274999999999,309.7096193812132
I,-379.0609534007163,0.0,-0.0,0.13962687185044276,-0.0,0.0,-0.0,1334.433208848032,234.10653080865504
I,-394.63714982377155,0.007994043061034116,-3.154746369175002,0.13677599447466515,-0.43149357195925003,0.0,-0.0,646.6308532031026,296.94581361979084
I,-402.3326580689532,0.024619120512106168,-9.905076194955562,0.13925015019538428,-1.3792833478442874,0.0,-0.0,477.0,304.2418323854255
I,-410.4373625702767,0.011442725586443827,-4.696522110315427,0.1355027747347405,-0.6363917775507995,0.0,-0.0,604.371570247934,299.7812604938751
I,-413.04882200598206,0.008657771704988331,-3.576082403942153,0.12176174037195829,-0.43543001721753294,0.0,-0.0,901.847100591716,338.8622782462636
I,-413.95526454139235,0.004281025925413143,-1.7721532194629566,0.1516536843572281,-0.26875356497708075,0.0,-0.0,586.5318618725524,261.8469716250563
I,-426.8100586507623,0.0017570027220195,-0.7499064348346919,0.1880716497268962,-0.14103614034017567,0.0,-0.0,575.9903251814028,266.1384351293047
I,-430.454068272671,0.004033091178848636,-1.736060505650018,0.16376834196846868,-0.2843117505672448,0.0,-0.0,528.7191171235315,253.90487726720713
I,-436.599994724912,0.0,-0.0,0.19043165945519291,-0.0,0.0,-0.0,1526.165771484375,254.03496914346073
I,-442.15463754672896,0.0,-0.0,0.3227130117898057,-0.0,0.0,-0.0,657.9521633969363,179.9616590572087
I,-445.8428312171782,0.0026754802282666656,-1.1928436798359923,0.21221297350301982,-0.2531369042222801,0.0,-0.0,1494.732222222222,260.5134582175522
I,-463.4665284061552,0.012719181084843665,-5.894914701561728,0.1435719394429102,-0.8463443365537414,0.0,-0.0,758.7755102040817,284.499150584683
I,-466.23396321992493,0.0,-0.0,0.1643845654763065,-0.0,0.0,-0.0,911.7699173553717,266.5663929005658
I,-468.36992746309437,0.0,-0.0,0.20616679777783065,-0.0,0.0,-0.0,734.7888537776502,257.66983905433716
I,-484.73663920200147,0.0,-0.0,0.11911753740923273,-0.0,0.0,-0.0,805.2520808561237,301.27223132773014
I,-491.8404010214627,0.01203453393766,-5.919069998005097,0.14253443439788602,-0.8436712943271528,0.0,-0.0,516.1183567940246,245.8010847456949
I,-507.9494639537168,0.010944508465468858,-5.559257208271823,0.14201764304594441,-0.7895126058049412,0.0,-0.0,815.0030555555555,289.11252683930735
I,-512.4085437467132,0.0038673479072862853,-1.9816621093344644,0.21636804431498843,-0.42876835508981287,0.0,-0.0,1136.6281212841855,253.05134305475178
I,-514.1252291824537,0.010902965643421454,-5.605489710192474,0.19055394762084601,-1.068148192625208,0.0,-0.0,1349.5194019223925,260.1380067527606
I,-534.1449670941843,0.010894393179753312,-5.8191852865104385,0.22922028586357238,-1.333875314867017,0.0,-0.0,1674.5711096938774,245.95842643830943
I,-554.592912471823,0.006873536414328001,-3.812014579003297,0.1820876434082214,-0.6941207513284935,0.0,-0.0,1460.16,273.3712445484702
I,-617.2737558156904,0.0,-0.0,0.2031281107242931,-0.0,0.0,-0.0,1280.4514061943753,246.2452505421316
I,-637.8115911813021,0.0,-0.0,0.22802579386462846,-0.0,0.0,-0.0,1244.16,263.23082893553334
I,-696.7001378434701,0.0,-0.0,0.2377116456939134,-0.0,0.0,-0.0,2208.0412326388887,235.46466874266295
JULIA,-1047.3970187138987,0.10749570384491118,-112.59067973171214,0.7481389725910396,-84.2334754578099,-0.624741147895885,70.34003049796779,28033.248699271593,198.48426851918973
JULIA,-1147.719810463925,0.10376709861842282,-119.09555475872763,0.8316984588481473,-99.05158934849891,-0.9608436359232523,114.43220585667265,23494.69770285614,163.39613362255787
JULIA,-1154.1682902393682,0.09990887964773705,-115.31166080275948,1.0806602902069056,-124.61273282735031,-0.5395509401200878,62.21651499293755,32399.379108838573,131.31036682735072
JULIA,-1164.1239117541115,0.09289871661024722,-108.14561737725765,0.9764471656612057,-105.59848156670446,-0.7340108426149468,79.38005573619452,23120.511557684298,135.560313429348
JULIA,-1220.151121576721,0.10278754068708422,-125.41633305345864,0.9061259845613385,-113.64299826813796,-0.5757997953409904,72.21469890459898,28939.445101906636,180.77735310039625
JULIA,-1229.2247905395757,0.0863203443882697,-106.10710724997486,0.7972793812563156,-84.59700881515748,-0.5303822813152089,56.27732960699921,29083.732222222217,188.016078593857
JULIA,-1238.250980266608,0.09788749850872715,-121.20929098427752,0.909425070194241,-110.23076796157076,-0.6557743274951437,79.48594128137778,28921.032554198155,149.14817728238427
JULIA,-1305.2245692014392,0.09373007826964129,-122.33880103070973,1.1090037668904402,-135.67419117991716,-0.5744934129895355,70.28283534518013,13268.38139120095,173.87511574738332
JULIA,-1323.9676503053995,0.08918846659091963,-118.08264454672148,1.1103883260966523,-131.11759001930005,-0.7014919010955095,82.83401880946495,31059.70002940888,141.23420309725074
JULIA,-1370.6722198824186,0.09678031225754444,-132.65408544296207,1.0827810055176956,-143.63532402196077,-0.6960714520771921,92.33672187825452,25315.28719723183,174.06224067151643
JULIA,-1412.8884068498596,0.09022817391619455,-127.48234089742417,0.8757347446063479,-111.64071524762514,-0.6510843561875589,83.00175784848233,57217.8732638889,107.92481724112572
JULIA,-1418.9797124996362,0.09555988800962716,-135.59754241439816,1.1972006145605405,-162.33746111141645,-0.6152143895035228,83.42155927465201,27655.239136582146,182.8732319017052
JULIA,-1439.7452663390784,0.08678703591883741,-124.95122414374573,0.7015726867909129,-87.66236604034128,-0.6242929853547716,78.00617274443225,18867.27275366526,113.815514513787
JULIA,-1440.5495120395467,0.10010384912639012,-144.2045510123017,1.158974413951202,-167.12938499857856,-0.725897670823138,104.6777477019262,45398.529555925896,129.0393378322932
JULIA,-1442.1846334869813,0.0979860140745459,-141.31392379494915,1.266826970216603,-179.02028993057536,-0.7555972174331509,106.7764076040239,29726.416820560175,190.86912263925595
JULIA,-1455.9517441917808,0.08934183094136754,-130.07739458837128,0.619033291903307,-80.52223777424489,-0.7158632478036787,93.11762615587213,16793.13811728395,174.0258360998503
JULIA,-1477.145304045024,0.09089737630628097,-134.26863256083638,0.8927856061201873,-119.87310250375502,-0.630688946720335,84.68174244737358,23322.711374095994,164.63205523108263
JULIA,-1486.6557839061838,0.10523421289652823,-156.4470512674384,0.9117875955476417,-142.6464807056563,-0.5964198236075156,93.30812272084155,19261.708899665322,211.43409716809117
JULIA,-1490.876371512723,0.09002508977819482,-134.2162791936222,0.5817494229023604,-78.0802429649918,-0.5727719519849767,76.8753202218916,21841.18174931531,207.53520644356612
JULIA,-1493.3927210492286,0.08016594090095812,-119.71923261755349,0.65414936636139,-78.31426015804446,-0.518832594167907,62.11424003075638,31428.421905928924,164.98492721692156
JULIA,-1552.6628176954832,0.10653230813499381,-165.40875372448295,0.9997357186737795,-165.36503927968016,-0.6361999001181952,105.23303259819119,36790.638427208374,179.81029019164345
JULIA,-1556.370156148289,0.09562349039515061,-148.82554667774497,1.182595134064621,-176.00036732560832,-0.6473328684206537,96.33966802517655,21402.443962673202,138.43793002547812
JULIA,-1637.1951543831356,0.09040719302676001,-148.01421834479228,0.8302049962954995,-122.88214359261953,-0.7228849988239018,106.99725805409591,27167.710193029958,174.73961506539825
JULIA,-1638.8436202316625,0.08280285566810865,-135.700931748643,1.0492278554396834,-142.38119759979554,-0.595086242109043,80.75375752499569,15533.477654320986,167.0650687754883
JULIA,-1638.9908228468612,0.09874055199950653,-161.8348585700245,0.9551467629780805,-154.57604130017438,-0.6134029789733796,99.2699843485886,38617.3469387755,148.25079835896764
JULIA,-1701.7166162461026,0.08116164989578803,-138.11412822961125,0.935978767020991,-129.2718914485306,-0.6464067346761305,89.27790264154339,31733.493271818534,159.96643980103408
JULIA,-1709.1401343447928,0.09391173198553641,-160.50831022231188,0.9949660111515393,-159.70031317856748,-0.7188753291326765,115.3854643395942,34048.88822829964,200.22277533539756
JULIA,-1759.8485723640763,0.09816160825860691,-172.7495661548711,0.9637135626638691,-166.48109984774857,-0.6116040606065505,105.65433612833908,33152.383742911145,153.56345668700237
JULIA,-1762.6418049476451,0.08806974860534533,-155.23542064301125,0.9740762382129075,-151.21113457734273,-0.5779630747534821,89.72034102548494,21898.914819944595,143.40864911234212
JULIA,-1763.796885369956,0.0980538693141644,-172.9471092947959,0.8433911684334462,-145.86206458532484,-0.580586647349093,100.41078235418271,25484.591104,220.26028306523216
JULIA,-1818.0488177689917,0.08284719689871685,-150.62024837718704,1.4216266006222176,-214.1257516853345,-0.810074332589237,122.0135971785749,17064.7756232687,148.2239982439142
JULIA,-1833.7812481950377,0.09635549975452354,-176.69490861030684,0.7212545559275517,-127.4420078443862,-0.7468117051456382,131.95782598981597,16825.68249134948,127.92611552043113
JULIA,-1836.6909125382188,0.09619393615827654,-176.67852838318808,0.8971746050259694,-158.51148891875627,-0.6623755218931916,117.02753244513526,34485.16420434318,177.2901228055719
JULIA,-1851.6846816976972,0.08126273366839029,-150.47295912663802,0.9950306953326069,-149.72521314853356,-0.5749286841747933,86.51122039456544,26298.87114186851,99.81829083905635
JULIA,-1888.4259824107542,0.07769828551273615,-146.72746115102004,1.2666986881430315,-185.85948255455472,-0.5624259828369357,82.52333654703074,22352.6886670497,205.19052298771757
JULIA,-1902.0636540122648,0.09982861974822146,-189.88038925330306,1.112951379555412,-211.3276411699823,-0.6192835239631245,117.5897965882753,35336.254224678494,157.53964357281896
JULIA,-1919.013894413973,0.09998689181130396,-191.876234645159,0.9447544373566332,-181.27592410429654,-0.5538984133148834,106.27994192278784,42584.54346238129,200.60839277502512
JULIA,-1925.307338309444,0.09364254349801816,-180.29067617469568,0.8538878842363203,-153.94802402634645,-0.59155676279847,106.65216876065023,49375.582990397816,174.2954744763251
JULIA,-1930.3932836157576,0.08931289879727722,-172.40901997851782,0.5728878010606021,-98.77102433850649,-0.5564508017922664,95.93713740326511,27764.346188865766,215.29026916586693
JULIA,-1961.7725792348856,0.08693390088243282,-170.54454295708013,1.0156780294971468,-173.21834533213865,-0.6459392197953944,110.16140901805845,18177.372985201244,184.6940498086328
JULIA,-1974.9382609846855,0.08397388765623622,-165.8432436559305,1.092951678883846,-181.258651585292,-0.5693025535249666,94.41498209818445,29235.265949905483,134.64253188022522
JULIA,-1975.0226766878068,0.08543608230884268,-168.73819996733025,0.7346647845400788,-123.9660133226794,-0.6776479171130215,114.34508974526186,25213.4926446281,194.47672242506843
JULIA,-2016.4056796324046,0.09060659268845062,-182.69964810913172,0.8149927024841814,-148.89887995537023,-0.6781304974498521,123.89420325615842,22427.096938775507,184.94952755503766
JULIA,-2021.5031361571223,0.07761163965133934,-156.89217295747895,0.6399653724600208,-100.40555790279502,-0.45835968386268877,71.91304679732033,28894.09220030842,199.75858264204786
JULIA,-2022.3096989023893,0.08670455588670248,-175.34346430870266,0.9220467137441596,-161.67486504235563,-0.7483533835570485,131.2188748000322,34179.195556116654,143.60321367709983
JULIA,-2073.2917824469405,0.10341560233817511,-214.41071850453906,0.7294929503635514,-156.4111076314451,-0.6066576063523779,130.07389326425715,23496.50767485823,182.2746795312639
JULIA,-2124.176240026261,0.08904647139462125,-189.1503987946326,0.8442538894376019,-159.69095987104205,-0.5906718229708033,111.72581087168008,31534.988858808825,191.49508471388572
JULIA,-2156.8056191872265,0.08930861618522255,-192.6213252301233,0.9288102378360518,-178.90865889928628,-0.5590009769704224,107.67550898897639,32080.0019605921,146.59025140703682
JULIA,-2191.561054219923,0.08766824696275602,-192.13031573531012,1.7650014779339303,-339.11029122873504,-0.5387193962725316,103.50432769857716,27722.02498356345,95.01418941599889
JULIA,-2229.2643867721504,0.0922654684814252,-205.6841230144895,0.9923741654539617,-204.11560992363403,-0.5919995265550989,121.7649034444785,35838.17360285374,131.84763348440654
THANK_YOU,-11.707922438232536,0.036961804232659996,-0.4327459371331183,0.6048817821383232,-0.2617601336661994,-2.7418655495969406,1.1865311767533406,20747.293798098686,375.9030045440969
THANK_YOU,-12.61896059314558,0.020454053752287003,-0.2581088982701912,0.8582584629755013,-0.22152414630967432,-3.1472530811952333,0.8123340253647662,14277.259066358025,275.8734001620916
THANK_YOU,-12.911204600522812,0.07547890264414023,-0.9745235550614367,0.47719780294984426,-0.4650404993981892,0.0,-0.0,14479.778393351802,343.64731405796766
THANK_YOU,-124.6743545273936,0.030605135841122937,-3.8156755562152016,0.5887366875017052,-2.246428187547364,0.0,-0.0,14662.261038062283,341.21574315448737
THANK_YOU,-15.579277086061103,0.01739874473889515,-0.2710598652368954,0.35205134268464333,-0.0954269895045675,0.0,-0.0,16900.230648472407,324.8873862265704
THANK_YOU,-18.99335911481013,0.016439006304297784,-0.3122319502281555,0.46516485055807244,-0.14523932846733545,0.0,-0.0,14571.38938198554,337.31898929218465
THANK_YOU,-19.736076453483385,0.026853748628106112,-0.5299876359869268,0.5949004484046784,-0.3152898822975582,0.0,-0.0,25661.409722222223,315.2494283623027
THANK_YOU,-19.993711607033013,0.03153196557694289,-0.6304410261482886,0.4279534136232429,-0.2697993892283002,0.0,-0.0,17578.87923854848,252.70635226981008
THANK_YOU,-21.47953459465179,0.029244419608211267,-0.628156522675087,0.36881294512689483,-0.23167225712846795,0.0,-0.0,15944.697891680344,399.12164173973156
THANK_YOU,-24.466214009887523,0.011429837741307187,-0.27964485627711105,0.5748544678328263,-0.16075509503736587,0.0,-0.0,24276.63997933884,325.03835582847523
THANK_YOU,-26.5650894133885,0.08102916620968033,-2.1525470454524758,0.391557159957337,-0.8428452077919282,0.0,-0.0,14389.347029320988,232.05751649137244
THANK_YOU,-28.75072515067088,0.009684613791387,-0.2784396693065643,0.9616923471571148,-0.26777329911708064,-5.678114727907623,1.5810123871233308,13731.337493675157,321.7348226923087
THANK_YOU,-3.731096259728888,0.0206691274553036,-0.07711850414034294,0.5098791288630856,-0.03932111571030232,0.0,-0.0,20534.84346020761,353.273259538311
THANK_YOU,-30.705062396488728,0.021527374915755335,-0.6609993900208738,0.5409421343420123,-0.35756242083665973,0.0,-0.0,17122.085048010977,359.13587038970456
THANK_YOU,-30.830377458348973,0.0504258815250862,-1.5546489610883936,0.6263660735887205,-0.9737793655657206,0.0,-0.0,12919.392290249436,330.7120805993444
THANK_YOU,-31.729033890850165,0.0060119620321078,-0.19075374706725282,0.4003507742433288,-0.07636841032819078,0.0,-0.0,11751.731272294886,286.49288031437914
THANK_YOU,-31.872575459014925,0.003910481072174499,-0.12463710305393132,0.7217353891382903,-0.0899550080736983,0.0,-0.0,18744.88050624589,218.4443653132419
THANK_YOU,-32.436945466407536,0.0175420396003408,-0.569010181885816,0.5053068799703263,-0.2875247596800696,0.0,-0.0,10042.012839506173,382.57452942114804
THANK_YOU,-33.39350845411559,0.015449863986008167,-0.5159251636316997,0.4254770246597239,-0.2195143035690968,0.0,-0.0,12767.128352167312,261.74965335652445
THANK_YOU,-37.68632423995716,0.03826051940968367,-1.441898340062513,0.5966859499228129,-0.8603604807323276,0.0,-0.0,11447.10743801653,245.70142373221987
THANK_YOU,-38.849282692574775,0.028835550520340474,-1.1202404537607287,0.4926905481283444,-0.5519318831989186,0.0,-0.0,10987.654320987655,390.3868693479964
THANK_YOU,-39.004888118834394,0.01278650214602975,-0.4987360856371263,0.8280146339795089,-0.41296077740119813,-3.313736105892161,1.65267977428707,8759.419292355373,358.8062272869684
THANK_YOU,-40.44858036326367,0.03288808547296201,-1.3302763682469883,0.5996440436351052,-0.7976923006078462,-2.72677441010049,3.6273635592973035,30243.656844244448,309.55760681317884
THANK_YOU,-41.72001025471251,0.11225350869797263,-4.683217534006878,0.46527945030006884,-2.179004879858364,0.0,-0.0,13695.011763038548,252.5500469563208
THANK_YOU,-42.59075264903072,0.059583278142583525,-2.5376966613891736,0.45865544120117696,-1.1639283818642052,0.0,-0.0,18468.076388888887,378.77349259807283
THANK_YOU,-42.798213518086236,0.07660703008697028,-3.2786440306486107,0.6012728713862445,-1.9713597105614604,0.0,-0.0,17173.78286734087,228.02819477192142
THANK_YOU,-43.358306992910315,0.06283994747650216,-2.7246337341045406,0.4391910111669683,-1.196634644741006,0.0,-0.0,9734.20989480605,299.7529416635549
THANK_YOU,-45.61589588425323,0.0634723265536245,-2.895347039601457,0.5130147921228632,-1.4853558596446887,0.0,-0.0,9314.276929180718,315.3602802133443
THANK_YOU,-45.85004944384929,0.020306720725942057,-0.9310641493268824,0.5340842297209855,-0.49726667901407257,0.0,-0.0,10810.442444476703,345.3379015983123
THANK_YOU,-47.68548783335481,0.03185767174723973,-1.5191486185020115,0.6392571367020476,-0.9711265960884672,-3.1359143041538533,4.763919882896023,10047.204570037859,359.5298763697245
THANK_YOU,-48.345589196164156,0.009417647895393223,-0.4553017363448007,0.5551693624168219,-0.25276957467381495,-2.634149393262676,1.1993327925440997,16630.44207612457,361.8940394853139
THANK_YOU,-48.93079818318397,0.09264013137903832,-4.532955572171372,0.4122295425531159,-1.8686182019298023,0.0,-0.0,10219.87087614927,348.80244414378546
THANK_YOU,-55.70355945579199,0.05673935301271366,-3.160583924026866,0.4391945809733879,-1.3881113321442056,0.0,-0.0,11476.429135802467,371.3057203993236
THANK_YOU,-61.501221707387884,0.037629717586037684,-2.3142736040452965,0.40917015633386244,-0.9469316923665453,0.0,-0.0,22662.011337868476,372.00900173087734
THANK_YOU,-61.57466740599645,0.04610572637886133,-2.8389447672902635,0.4760798579739519,-1.3515644216074425,0.0,-0.0,24155.270266439908,359.7503341534078
THANK_YOU,-62.66124674980413,0.03792268299690562,-2.3762825966837045,0.3608376137264402,-0.8574521417270168,0.0,-0.0,14173.983818379425,356.7813552932816
THANK_YOU,-69.06320724198201,0.024548202231857125,-1.695377578156834,0.46418974492585785,-0.7869768855576394,0.0,-0.0,21277.74424630392,351.11703704236317
THANK_YOU,-74.96153089285012,0.04857850078336876,-3.6415187872008414,0.3964449817447746,-1.4436618491150914,0.0,-0.0,11199.564523152854,295.00265350242887
THANK_YOU,-75.52678505451925,0.08758713353946508,-6.615174608376654,0.6327974364582725,-4.186065533904603,0.0,-0.0,11374.130177514793,289.61068303025115
THANK_YOU,-75.86818909203687,0.0665541715688791,-5.049344473451584,0.4318315999871106,-2.1804665028566723,0.0,-0.0,11263.994050838292,340.3484603895513
THANK_YOU,-8.742649600566208,0.020806223153968663,-0.18190151854633552,0.7204045164414912,-0.13104267550834578,-2.862425906245766,0.5206796190724754,18704.654620181405,344.0899697701034
THANK_YOU,-85.98106486260401,0.04162481189430544,-3.578945651377967,0.4180658734733599,-1.4962350398570128,0.0,-0.0,9371.25,343.10882986358706
THANK_YOU,-86.67381214775489,0.0107199626278788,-0.92914002703972,0.6931302781386928,-0.6440150853718336,-5.226927370461364,4.856547438325124,23658.794292508923,388.11315472615337
THANK_YOU,-87.8262210562323,0.03287763066554417,-2.8875180586372444,0.4669011675861809,-1.3481855530039117,0.0,-0.0,11826.292871900827,376.70598467005004
THANK_YOU,-98.70524749225996,0.04618153584508778,-4.558359925162064,0.8437848505986941,-3.8462750484279464,-5.678114727907623,25.882890626166603,21889.563355145747,313.5623437407098
THANK_YOU,-99.65115253992096,0.03787600429758657,-3.7743874818615013,0.5143177351015497,-1.9412344210666488,0.0,-0.0,16782.019375,283.291583572417
THANK_YOU,16.878729140257228,0.06433741724881643,1.085933839326486,0.49157435496994295,0.533817226606951,0.0,0.0,18897.256495862966,353.29779095572434
THANK_YOU,3.2666199020578075,0.07112107484783327,0.23232551855367511,0.48462845743582894,0.11259155767964663,0.0,0.0,19191.330449380166,298.65245968677283
THANK_YOU,4.710035834916109,0.026162187087342133,0.12322483870116095,0.46931911381018737,0.05783177209863214,0.0,0.0,12627.928581797069,287.19265942859175
THANK_YOU,5.320434809764906,0.04490773872589745,0.2389286963450923,0.4149178429701264,0.09913577931117003,0.0,0.0,14728.715779958675,367.412060521825
TO_BE_BETTER,-10.132848261766659,0.0,-0.0,0.2511036544643936,-0.0,0.0,-0.0,18876.511165321826,255.810398900895
TO_BE_BETTER,-12.341762920813373,0.01243677044736,-0.15349167236189518,0.22602511157814822,-0.034692972371913926,0.0,-0.0,21063.47279035793,297.8410841366519
TO_BE_BETTER,-13.326138147543322,0.0,-0.0,0.20738429053321733,-0.0,0.0,-0.0,15861.447428833791,228.49695556759931
TO_BE_BETTER,-13.389588443342227,0.017766416834304,-0.23788500952419764,0.5318258793909134,-0.12651340438412223,0.0,-0.0,16421.831597222226,181.57671066941012
TO_BE_BETTER,-14.148432267046537,0.0,-0.0,0.26334150575573945,-0.0,0.0,-0.0,21390.00546305931,245.99752602393096
TO_BE_BETTER,-14.608466747067196,0.0,-0.0,0.1642682065715634,-0.0,0.0,-0.0,25587.791020408167,220.7938662740424
TO_BE_BETTER,-16.492622346890606,0.0,-0.0,0.2519918960088584,-0.0,0.0,-0.0,36121.469135802465,247.77378922970712
TO_BE_BETTER,-16.726061546444303,0.0,-0.0,0.206529340544565,-0.0,0.0,-0.0,23156.972599688124,200.82372562607844
TO_BE_BETTER,-17.882424829519238,0.053520336275,-0.9570733902882791,0.2682506761738507,-0.25673558409283054,0.0,-0.0,24580.537758966366,180.6085800470665
TO_BE_BETTER,-19.13214878350977,0.0,-0.0,0.19645722941173416,-0.0,0.0,-0.0,28652.67453775897,262.23417755734516
TO_BE_BETTER,-20.471356110668765,0.05935820104005,-1.2151428715795325,0.17859480206781161,-0.21701820063385882,0.0,-0.0,15827.425733024687,201.16436492248755
TO_BE_BETTER,-20.617400913748476,0.0,-0.0,0.2574897463183582,-0.0,0.0,-0.0,13979.539430587049,229.39206828704295
TO_BE_BETTER,-20.88310989248658,0.0,-0.0,0.19740951408042173,-0.0,0.0,-0.0,29149.7493675156,213.32772849026256
TO_BE_BETTER,-21.97226293166876,0.0,-0.0,0.18611577914217609,-0.0,0.0,-0.0,18630.150059171596,262.0362960305465
TO_BE_BETTER,-22.04748909884503,0.0,-0.0,0.21987814095981634,-0.0,0.0,-0.0,22423.20761245675,253.78006613905106
TO_BE_BETTER,-22.657637568192794,0.0,-0.0,0.20799344430937292,-0.0,0.0,-0.0,31554.825279421428,299.41512123684004
TO_BE_BETTER,-23.884015976601134,0.024483052689216005,-0.5847536215852024,0.18224833574946034,-0.10657037435737285,0.0,-0.0,28488.71107150813,229.44920921380015
TO_BE_BETTER,-24.709400495297835,0.0,-0.0,0.2090478089350538,-0.0,0.0,-0.0,28135.18005540166,308.42674052179035
TO_BE_BETTER,-24.84568312958817,0.0,-0.0,0.19910972120239434,-0.0,0.0,-0.0,27965.514739229027,230.29225902667056
TO_BE_BETTER,-25.29281445804757,0.0,-0.0,0.2138399665822057,-0.0,0.0,-0.0,14069.02318640955,245.7737709511608
TO_BE_BETTER,-26.307222121844333,0.07540124136144634,-1.983597204758365,0.21358806495883711,-0.4236726886220974,0.0,-0.0,38013.170879501384,326.2035269661471
TO_BE_BETTER,-27.162246546729527,0.0,-0.0,0.1672856469983624,-0.0,0.0,-0.0,27843.69605142332,251.86209444986778
TO_BE_BETTER,-27.992163768758278,0.0,-0.0,0.2181536020412399,-0.0,0.0,-0.0,24843.12103584162,300.7078709735937
TO_BE_BETTER,-28.57662729795756,0.09856583356422001,-2.816679090077231,0.201833080864441,-0.5684990185567379,0.0,-0.0,19474.56,238.2099304952616
TO_BE_BETTER,-29.11862033010594,0.0,-0.0,0.24980108314274446,-0.0,0.0,-0.0,35457.28221450617,267.12336735344877
TO_BE_BETTER,-29.806980896965225,0.19801182055366665,-5.902134552616448,0.24126942485118028,-1.4240046089040486,0.0,-0.0,37098.933662851196,244.35814374991492
TO_BE_BETTER,-29.884564862561863,0.0,-0.0,0.22004663868979357,-0.0,0.0,-0.0,25995.011337868487,247.9367310950746
TO_BE_BETTER,-30.300754908609328,0.010803374982900002,-0.3273504175426544,0.33176032772086195,-0.10860188180351203,0.0,-0.0,19665.69329660238,247.95367860861413
TO_BE_BETTER,-30.793740485546305,0.0,-0.0,0.16680497341937714,-0.0,0.0,-0.0,18372.616024973988,211.80631949792826
TO_BE_BETTER,-30.851891072764193,0.057623994367953714,-1.7778091974176853,0.22799869816794005,-0.4053381826022226,0.0,-0.0,17930.47250891349,276.426206889111
TO_BE_BETTER,-31.035425563527514,0.0036424538620399996,-0.11304510570392573,0.17035353800875078,-0.01925763371123696,0.0,-0.0,36383.455057234,303.7880199897417
TO_BE_BETTER,-31.187253605664807,0.0,-0.0,0.1865717328166141,-0.0,0.0,-0.0,25343.80291319858,177.37828708308504
TO_BE_BETTER,-32.04266850483877,0.05794778850561601,-1.8568017776739603,0.18251020351454483,-0.3388852703294431,0.0,-0.0,23324.379795918365,259.4316266118239
TO_BE_BETTER,-32.28538182593931,0.005890231963242,-0.1901683879766201,0.16755369148385557,-0.03186341540901676,0.0,-0.0,22759.32621671258,246.67820369502502
TO_BE_BETTER,-32.81562396661852,0.0039557632019400005,-0.1298108377358499,0.1938705324043045,-0.025166496223697998,0.0,-0.0,26954.049586776862,266.33376197595163
TO_BE_BETTER,-32.94479596772182,0.0,-0.0,0.2083692176575877,-0.0,0.0,-0.0,34158.85789715335,245.89332039163938
TO_BE_BETTER,-32.991446482829225,0.0,-0.0,0.19494401995950544,-0.0,0.0,-0.0,23465.0,274.45320417961676
TO_BE_BETTER,-33.19313467449104,0.0,-0.0,0.1919500894321332,-0.0,0.0,-0.0,22351.165224913493,277.9130715236422
TO_BE_BETTER,-33.43409943613836,0.0,-0.0,0.18158178686682713,-0.0,0.0,-0.0,27306.293209876545,293.0371120061047
TO_BE_BETTER,-35.995350238680956,0.0,-0.0,0.15281255037660296,-0.0,0.0,-0.0,34905.736331360946,279.96820895118384
TO_BE_BETTER,-36.606397507790646,0.0,-0.0,0.2202452566417101,-0.0,0.0,-0.0,31554.825279421428,301.0743821724014
TO_BE_BETTER,-36.96051181289482,0.0,-0.0,0.15831750786380894,-0.0,0.0,-0.0,31035.855980956163,287.83917829507226
TO_BE_BETTER,-37.03229745306846,0.0,-0.0,0.22946405739253758,-0.0,0.0,-0.0,21743.48507785467,257.11500294801345
TO_BE_BETTER,-37.1990259411852,0.06867082227702233,-2.554487699285472,0.20166977029570876,-0.5151629475381148,0.0,-0.0,17826.488751147845,283.81104157584605
TO_BE_BETTER,-37.283472578293086,0.0,-0.0,0.19989325870942798,-0.0,0.0,-0.0,25012.63905325444,269.50511277507
TO_BE_BETTER,-40.51827034749474,0.0,-0.0,0.17880624390229036,-0.0,0.0,-0.0,26916.188402366868,256.92187764595457
TO_BE_BETTER,-41.67365112228609,0.00457490145963,-0.19065284734745802,0.2022425047964229,-0.03855810939411996,0.0,-0.0,25239.390380859375,254.46317417463845
TO_BE_BETTER,-43.200086068936976,0.0,-0.0,0.16566140178584085,-0.0,0.0,-0.0,30016.408163265303,287.84034645761983
TO_BE_BETTER,-53.073124020080236,0.0742299013651455,-3.9396127611506904,0.3029900757186266,-1.1936635688031152,0.0,-0.0,22207.42820069204,257.7511296901831
TO_BE_BETTER,16.40287035344339,0.0,0.0,0.22390877073138757,0.0,0.0,0.0,30662.918200692046,323.62667892479334
WANT,-1008.493163268776,0.028027483006302,-28.265524995487368,3.2066366519064515,-90.63726843590773,-2.72677441010049,77.07371024575072,8518.804280045351,179.3928876173462
WANT,-1034.5203870231617,0.002774689260288,-2.8704726074221516,3.714510099769857,-10.662399491382297,-5.1396056753932156,14.753097304167651,5771.34693877551,193.81990387607468
WANT,-1069.839440744356,0.01838510028306267,-19.669105404860666,6.33806973381623,-124.66416165778861,-2.367123614131617,46.5592038726895,10862.824834817582,267.3641800656549
WANT,-1073.3320674754689,0.02352381701791925,-25.248867154757885,5.9185384361238516,-149.43639072401962,-2.4178837173575087,61.0488247752119,9293.403739612188,155.09012891323206
WANT,-1075.5393308384796,0.032644788928913,-35.1107544399665,5.028303559551994,-176.54753152903953,-2.291941932895566,80.4718103965584,5599.305588585017,203.56957701154448
WANT,-1108.6070493312984,0.011925918807878001,-13.221157660166266,4.762024464742191,-62.95947622992538,-3.635528278616942,48.06589254958746,7148.943905817174,152.93955205510645
WANT,-1123.6907648012068,0.010060028671874999,-11.304361312221285,3.535639114838062,-39.968142023751696,-3.8180773925856184,43.16092636381158,12591.565267660999,243.6693557257682
WANT,-1129.9040059897413,0.017183625705198498,-19.415847521732076,5.281043336263994,-102.53593217256096,-3.3341463944125453,64.73527800904675,7327.472711848432,273.81615550579744
WANT,-1181.843464942849,0.048451701095414995,-57.2623263049805,3.848443173886135,-220.37080878924266,-2.336348723146855,133.78476294705976,7978.890861275478,226.81937519605177
WANT,-1192.9847339504443,0.031320439335704,-37.36480598811586,6.794185318961431,-253.86341629029897,-2.3828194857046516,89.03358778805632,7496.741314878893,171.6296267739792
WANT,-1211.1276477688414,0.008427619234060222,-10.206922659238801,11.602941455392159,-118.43032605486346,-5.608926943643522,57.2498835150901,9321.667466229012,228.2227365111388
WANT,-1217.8014959934992,0.028999621486623002,-35.31578242965472,2.685412936612304,-94.83745900318029,-2.7923017535498014,98.61232120630814,5435.092071005916,158.98094115867787
WANT,-1227.5854541212818,0.015912985276871155,-19.53454925753315,5.9329809379603144,-115.898108376591,-3.69268669245689,72.13497008643628,9969.271141868512,223.86572605155914
WANT,-1246.043304312267,0.016725856347286,-20.841141310424554,3.2041473083918506,-66.77808683361104,-3.886842706897848,81.00623810585114,8916.295913682276,156.55125285969783
WANT,-1303.6622776209051,0.03206646559613,-41.803841574303235,4.989021904527423,-208.560281307593,-2.6829674207347467,112.15834500541233,8226.152584876541,181.05372420178384
WANT,-1304.1081329424935,0.020628095688505335,-26.901267354495793,4.824413131941959,-129.78282749091105,-2.549381172973484,68.58158452267777,6848.076388888889,228.97099814476624
WANT,-1342.3360267239923,0.01151353482772006,-15.45503259419005,6.558249645232208,-101.3579620278991,-5.1396056753932156,79.4327732344863,11338.77504725898,159.2937573650115
WANT,-1343.2239240781494,0.018250790612398,-24.51489858391389,5.229055128562417,-128.18975616640247,-2.50666158159103,61.45055445689729,7138.079717291256,201.2115181061494
WANT,-1344.3045353584366,0.022072148987925,-29.671689989574702,3.2578556370306777,-96.66608249276267,-3.0655111681619074,90.95889704127912,7442.218322427126,217.33203084122565
WANT,-1350.4012272657933,0.020119931662749002,-27.169980409880147,4.519498867985336,-122.79469570563707,-3.2117760877529777,87.26389338516991,5183.404968754762,220.8481362605109
WANT,-1357.4203096279361,0.042702770282960004,-57.9656076594662,4.331143353081506,-251.05735632162748,-2.404285647820385,139.36587856284197,9250.163805697588,200.5818185161398
WANT,-1366.123214369378,0.025033845869781,-34.1993179876528,5.860277868192019,-200.41750631030288,-6.0157572396770265,205.73479477623908,8545.312040816329,207.12640011106862
WANT,-1372.9138261267678,0.0211567469422024,-29.046390392814892,5.067211396823301,-147.18420043505046,-3.2426563535336044,94.18746235447865,7321.277155555555,187.01990830947122
WANT,-1376.968328208016,0.04260262779421001,-58.66246917106171,3.942575824221692,-231.2812327429782,-2.2894714538486625,134.306048579423,10294.082523308869,170.24671900978316
WANT,-1380.8260780445748,0.009345494463914,-12.904502467993655,10.159879015562472,-131.10818383084288,-4.916462124079006,63.44449761397486,9605.682098765432,207.6078257383679
WANT,-1412.36792511011,0.029912905038979,-42.248027623918524,4.9143031726319615,-207.61961618966555,-2.7843374692743295,117.63276631621326,5570.788608033241,213.10937977388295
WANT,-1431.5831391585307,0.01848877074985,-26.468212469252684,3.9462093591524185,-104.44910776619969,-3.055057739638806,80.86191735859477,10101.15997229917,197.0130645340667
WANT,-1497.2726838343465,0.025148313612821997,-37.65388301697782,8.01190954778966,-301.67950485507953,-2.0581889856463844,77.4988072923612,8447.839086127547,196.63091632674724
WANT,-1505.1523584041302,0.023138787494105452,-34.82740056736481,3.396840755793309,-118.3031336655638,-2.812411216426953,97.94897199465122,11870.42192958882,153.95552362757988
WANT,-1508.1441293201115,0.04875509635032001,-73.52971233517151,5.381870514772769,-395.72739077638306,-2.2703599456993087,166.93891370456578,5216.408284023668,211.85619881590551
WANT,-1537.0624930853787,0.028926789675681668,-44.46228345585966,4.238537273244495,-188.45504568122323,-1.8625897419890587,82.81499307029404,9533.345843497842,215.65673284682592
WANT,-1556.4609281977232,0.021454260695095997,-33.39271851528505,5.499726539129875,-183.6508202322067,-3.070779147876902,102.54166370766028,8283.431788328016,188.5777863313789
WANT,-1559.627217798293,0.037721342562485674,-58.83123255234587,5.252820799811974,-309.02992202953766,-1.9898202401748015,117.06357728708845,5056.437723167402,195.3810454104386
WANT,-1605.1140523477522,0.01388610705341015,-22.28878556383387,5.547930169857766,-123.65662587908416,-4.190415030972835,93.39926204881978,8115.030962657159,213.06647338240822
WANT,-1608.867755737237,0.047992953250025006,-77.21431498656987,3.97780131018538,-307.1432033186443,-2.331293257130789,180.00921188216319,7948.55870615417,170.8663334024857
WANT,-1618.9655968372153,0.014980210828023446,-24.252445963938293,4.63828889762864,-112.48985085487351,-5.544217904984863,134.46084515294456,12356.864095500461,195.9786954440675
WANT,-1627.5413572519294,0.0215150427427535,-35.0166218668743,3.8644507339903478,-135.32001007530485,-3.0345770573775583,106.26063734408208,8319.813732651572,194.70076965069163
WANT,-1653.4039233668154,0.014098706731494087,-23.310857024250453,5.324450685122189,-124.11750865355572,-3.4657359027997265,80.78927411397599,12804.85440214158,213.45647294333256
WANT,-1656.5994415452342,0.024200047075727003,-40.08978447101773,3.254992164510581,-130.49193433008068,-3.044817481244482,122.06607657667836,6346.365337491646,193.603434143853
WANT,-1691.047576143359,0.0196985027670225,-33.31110535782665,4.213418950706011,-140.3536425836313,-3.1304071768805923,104.27732328196609,5616.885538583615,210.83119152992492
WANT,-1701.2820404661923,0.013733361882810389,-23.364321926448287,5.332775617843934,-124.59668629681984,-3.3549819578651925,78.38687852098812,13304.101224489797,178.2740150128342
WANT,-1744.2643250916876,0.024432447600036,-42.61664672341482,4.088465714436462,-174.23669899293247,-2.1315772961003643,90.840676591561,9337.396121883658,223.99668883428544
WANT,-1793.7684924235955,0.01662620516336559,-29.823562970615694,5.201006828770719,-155.11255466844577,-3.09743282838033,92.37648300445305,48766.37968657013,173.54860307866466
WANT,-1825.1209876167634,0.01135317601550028,-20.72091982199682,6.781178067773734,-140.51224704102285,-4.098352583619639,84.92163528745606,17472.299168975067,198.3635462957084
WANT,-1908.2944912838377,0.0443583248436,-84.64874694162089,3.6021590850913388,-304.91825283735733,-2.3490479674043865,198.84396694654282,5854.0044553352645,196.06608088437545
WANT,-1939.5372914559453,0.01806640664978027,-35.04046941985651,6.665176661649375,-233.55091899046622,-3.3274358981001018,116.59491583390938,21390.00546305931,134.10511895719392
WANT,-2087.2742822396754,0.01547114156649923,-32.29251590864309,5.040831875147432,-162.78114352099362,-3.564187010156618,115.09656572686164,9868.374755859375,190.90005028520594
WANT,-893.6514707906233,0.027642554804677,-24.702809757610012,4.241615732649023,-104.77982650851442,-2.866723592990457,70.8161275452955,10024.934253780406,171.85786760477467
WANT,-978.9196943308741,0.012432593788960533,-12.170510911629169,8.663682059116574,-105.44143703536413,-4.207065432286219,51.202135749577316,10620.748582230624,233.1447248497795
WANT,-990.7640190401883,0.042256628075745005,-41.866346663411576,3.345368718091614,-140.0583664685563,-2.465574721488508,103.22460601438233,4687.241884030775,194.34667738146337
