I,-0.00342,-0.58545,0.79199,-3.0,-2.0,-3.0,0.0,-1.0,-3.0,-5.0,-6.0,-0.0625,0.3125,1.0,0.8924,-0.28955,0.1106,-0.32794,-0.06201,0.74658,0.6499,-2.0,-6.0,-1.0,-1.0,-2.0,-1.0,0.0,1.0,-1.25,-3.75,0.8125,-0.83582,-0.36713,-0.19257,-0.36005,0.02734,-0.58789,0.82422,-2.0,-1.0,-3.0,-3.0,1.0,4.0,0.0,-3.0,0.625,-9.8125,-8.9375,0.89441,-0.29138,0.08789,-0.32776,-0.10547,0.74512,0.89941,-8.0,-6.0,-5.0,-6.0,-10.0,-5.0,5.0,-30.0,-8.25,90.375,-108.9375,-0.8855,-0.32843,-0.1886,-0.26941
I,-0.01807,-0.55713,0.8125,0.0,-1.0,1.0,-2.0,-4.0,-1.0,2.0,0.0,0.8125,-2.5,0.5625,0.94244,-0.28876,0.05945,-0.15778,-0.08789,0.81201,0.62402,-4.0,-5.0,1.0,-1.0,3.0,3.0,1.0,1.0,-10.375,-16.8125,3.0625,-0.87134,-0.41028,-0.14215,-0.22888,0.01709,-0.55566,0.8291,1.0,-2.0,0.0,0.0,-3.0,-5.0,0.0,0.0,-3.1875,-6.5625,-13.0625,0.94055,-0.29181,0.04022,-0.16895,-0.20117,0.6709,0.73291,-2.0,4.0,5.0,13.0,16.0,7.0,10.0,1.0,37.4375,108.9375,-43.1875,-0.8913,-0.33795,-0.24414,-0.17859
I,-0.02393,-0.57568,0.79443,0.0,-1.0,-3.0,-1.0,1.0,-1.0,0.0,0.0,1.0625,-3.0625,0.0,0.94611,-0.30328,0.05164,-0.10114,-0.13477,0.80176,0.60693,-4.0,-7.0,-2.0,0.0,-2.0,0.0,-1.0,-4.0,-2.3125,-19.75,2.125,-0.22607,-0.07178,-0.41089,-0.88037,-0.0127,-0.56543,0.79834,-1.0,-2.0,-4.0,-5.0,-8.0,-2.0,1.0,-1.0,0.1875,-3.1875,-2.3125,0.94629,-0.30499,0.03741,-0.1001,-0.17676,0.69336,0.729,5.0,2.0,-2.0,4.0,-5.0,2.0,0.0,8.0,9.5,74.875,-61.25,-0.29578,0.01563,-0.41412,-0.86072
I,-0.05957,0.79346,0.60205,-17.0,-1.0,-13.0,-8.0,-2.0,-3.0,-9.0,-20.0,-2.5625,-4.0,2.1875,-0.87738,-0.41016,-0.0968,-0.22974,0.06201,-0.56689,0.80273,1.0,-2.0,-1.0,-4.0,-4.0,3.0,3.0,2.0,0.3125,0.8125,-1.9375,0.93701,-0.29932,0.02649,-0.17786,0.0,0.0,0.0,-1.0,5.0,0.0,5.0,26.0,17.0,9.0,6.0,0.0,0.0,0.0,0.0,0.0,0.0,0.0,0.07324,-0.54639,0.81787,-1.0,-3.0,-7.0,-6.0,-5.0,-3.0,-2.0,-4.0,2.9375,0.625,-2.5625,0.93591,-0.29797,0.02399,-0.18622
I,-0.06934,0.76172,0.64111,2.0,0.0,-2.0,-5.0,-1.0,0.0,2.0,4.0,-3.9375,-16.625,4.625,-0.8316,-0.35791,-0.18066,-0.3844,-0.03223,-0.53613,0.82666,-3.0,2.0,4.0,3.0,7.0,6.0,0.0,0.0,0.3125,-2.25,-0.4375,0.87238,-0.24744,0.12842,-0.40155,-0.08301,0.69531,0.78369,0.0,-6.0,-11.0,-8.0,-5.0,-6.0,1.0,2.0,9.625,72.1875,-65.3125,-0.86102,-0.3205,-0.20966,-0.33484,-0.00977,-0.52344,0.83252,-1.0,-3.0,-3.0,-3.0,-2.0,-2.0,-1.0,3.0,-2.125,0.625,-3.0,0.87,-0.2522,0.12231,-0.40564
I,-0.14746,-0.5708,0.7915,-2.0,-2.0,0.0,-3.0,-4.0,0.0,0.0,-1.0,0.3125,1.5,0.4375,0.63855,-0.14819,0.27716,-0.70245,-0.24268,0.76172,0.62646,2.0,1.0,-8.0,-2.0,-1.0,-1.0,1.0,-7.0,1.0625,-0.75,2.0,-0.43536,-0.30963,0.30273,0.78925,-0.14014,-0.59082,0.80176,0.0,-3.0,-1.0,-3.0,0.0,-1.0,-3.0,-1.0,0.75,-1.5625,-6.0625,0.63568,-0.15045,0.27454,-0.70557,-0.21191,0.84912,0.6416,0.0,0.0,0.0,0.0,0.0,0.0,0.0,0.0,-25.0625,-49.0625,-7.75,-0.43433,-0.27234,0.31433,0.79901
I,-0.16553,-0.56348,0.79834,4.0,3.0,4.0,6.0,9.0,11.0,5.0,29.0,-0.625,0.875,-0.8125,0.93866,-0.28351,0.13568,-0.14172,-0.21289,0.77002,0.57422,3.0,-7.0,-4.0,-4.0,-2.0,-4.0,-4.0,-11.0,-3.3125,-8.375,4.0625,-0.71777,-0.41199,0.16846,0.53546,-0.16846,-0.55859,0.80273,1.0,3.0,11.0,13.0,10.0,-3.0,-6.0,-16.0,-0.25,-2.875,-6.125,0.93787,-0.28485,0.13159,-0.14819,-0.24561,0.66748,0.77197,-8.0,-2.0,4.0,-3.0,4.0,7.0,8.0,16.0,1.8125,79.6875,-17.3125,-0.7168,-0.39423,0.1203,0.56244
I,-0.16797,0.88721,0.64111,36.0,1.0,-8.0,-13.0,-7.0,-7.0,-4.0,1.0,22.4375,17.25,-6.1875,-0.51611,-0.18719,-0.38403,-0.74243,0.0,0.0,0.0,-1.0,-2.0,-1.0,-3.0,-1.0,-1.0,1.0,3.0,0.0,0.0,0.0,0.0,0.0,0.0,0.0,-0.42529,0.70215,0.4165,-8.0,-3.0,-4.0,8.0,9.0,2.0,8.0,4.0,-0.875,36.875,-28.4375,-0.49835,-0.02429,-0.5451,-0.67383,-0.03809,-0.56787,0.80273,0.0,0.0,1.0,1.0,3.0,-3.0,0.0,-2.0,2.875,2.8125,-5.1875,0.93927,-0.28784,0.07794,-0.16992
I,-0.19141,0.76465,0.6377,-4.0,0.0,3.0,-1.0,1.0,-3.0,-3.0,-7.0,-0.1875,0.125,-0.875,-0.55084,-0.33557,0.26685,0.71613,-0.14258,-0.56299,0.80518,-2.0,-4.0,-2.0,-5.0,-7.0,-5.0,-10.0,-1.0,-0.25,0.0625,0.125,0.77106,-0.19727,0.23584,-0.55762,-0.14307,0.89063,0.76465,-14.0,8.0,24.0,20.0,24.0,1.0,4.0,8.0,-30.125,1.375,-62.75,-0.52441,-0.31714,0.26501,0.74445,-0.13623,-0.57129,0.79834,0.0,0.0,-1.0,-6.0,-2.0,2.0,2.0,0.0,-1.6875,-1.4375,-4.9375,0.77002,-0.20148,0.23212,-0.55908
I,-0.22217,0.77588,0.60986,7.0,-7.0,-5.0,-5.0,-3.0,-2.0,7.0,61.0,-0.9375,-3.75,2.625,-0.56219,-0.36194,0.25977,0.69678,-0.17627,-0.59033,0.77686,-2.0,-3.0,-3.0,-2.0,0.0,-2.0,-8.0,-18.0,0.375,-0.0625,0.125,0.8233,-0.23065,0.2337,-0.46289,-0.2583,0.57324,0.79492,-2.0,-5.0,-5.0,-7.0,-9.0,-5.0,0.0,-1.0,-18.1875,47.75,-54.125,-0.54187,-0.349,0.1936,0.73969,-0.16553,-0.56934,0.77637,0.0,1.0,-5.0,-8.0,-9.0,-3.0,3.0,4.0,2.0625,1.0,-3.5,0.82141,-0.23248,0.23169,-0.46643
I,-0.24268,0.77881,0.58936,-7.0,2.0,4.0,3.0,0.0,0.0,-6.0,-19.0,0.125,-0.3125,0.5,-0.56189,-0.37659,0.25208,0.69202,-0.22803,-0.56836,0.77197,-1.0,-2.0,-1.0,-1.0,-1.0,0.0,-4.0,-3.0,0.375,0.5,-0.3125,0.80396,-0.19519,0.26282,-0.49646,-0.2207,0.84033,0.75537,-4.0,-3.0,-5.0,-5.0,-4.0,17.0,9.0,3.0,-42.25,-9.4375,-61.9375,-0.53925,-0.33484,0.25073,0.7309,-0.23047,-0.58545,0.78516,-1.0,1.0,2.0,5.0,2.0,0.0,-2.0,0.0,-1.875,-2.125,-5.1875,0.8017,-0.19922,0.25977,-0.50006
I,-0.25879,0.84521,0.56055,-16.0,-8.0,-5.0,-2.0,-5.0,-9.0,-17.0,-15.0,-16.9375,-34.625,0.9375,-0.56213,-0.36084,0.26898,0.69385,0.0,0.0,0.0,-2.0,-1.0,-2.0,-6.0,-6.0,-1.0,6.0,10.0,0.0,0.0,0.0,0.0,0.0,0.0,0.0,-0.32715,0.65918,0.60352,9.0,10.0,-17.0,-14.0,-5.0,-7.0,0.0,0.0,26.3125,109.4375,-29.25,-0.54749,-0.44037,0.15918,0.69354,0.0,0.0,0.0,0.0,-2.0,-2.0,0.0,-2.0,-3.0,0.0,6.0,0.0,0.0,0.0,0.0,0.0,0.0,0.0
I,-0.26416,0.74707,0.63574,4.0,12.0,3.0,2.0,-1.0,0.0,-2.0,2.0,0.25,-9.0,-1.9375,0.27576,0.24915,-0.3454,-0.86176,-0.16846,-0.56299,0.77734,-1.0,-3.0,-6.0,-2.0,-5.0,-5.0,-3.0,-2.0,-0.625,-2.625,2.25,0.94,-0.31458,0.05127,0.12164,-0.3916,0.63428,0.63281,0.0,0.0,0.0,0.0,0.0,0.0,0.0,0.0,-3.4375,65.9375,-47.8125,0.17181,0.33325,-0.32245,-0.8692,0.0,0.0,0.0,-2.0,-1.0,0.0,2.0,4.0,1.0,-2.0,-1.0,0.0,0.0,0.0,0.0,0.0,0.0,0.0
I,0.0,0.0,0.0,-1.0,-2.0,-2.0,-2.0,-3.0,-4.0,-1.0,-2.0,0.0,0.0,0.0,0.0,0.0,0.0,0.0,-0.22607,0.76074,0.59277,2.0,5.0,10.0,5.0,2.0,1.0,0.0,4.0,-5.125,-34.6875,4.9375,0.08508,0.11871,-0.39099,-0.90875,-0.10449,-0.50635,0.8335,0.0,-2.0,0.0,-2.0,-5.0,-3.0,0.0,4.0,2.0,-2.0625,-4.3125,0.95734,-0.27863,0.03583,0.06732,-0.25391,0.63721,0.66943,-5.0,-8.0,-9.0,-4.0,-1.0,-2.0,-9.0,-13.0,18.375,80.1875,-52.75,0.01123,0.19086,-0.37823,-0.90582
I,0.0,0.0,0.0,-1.0,2.0,0.0,-1.0,-2.0,-9.0,-3.0,-7.0,0.0,0.0,0.0,0.0,0.0,0.0,0.0,-0.22021,0.83154,0.54346,16.0,28.0,34.0,11.0,4.0,0.0,3.0,31.0,-2.9375,-8.5625,6.625,-0.32886,-0.06683,-0.4668,-0.8183,-0.13086,-0.59961,0.79785,0.0,-4.0,-3.0,0.0,-1.0,-8.0,-2.0,8.0,-0.8125,-1.1875,-5.5,0.02191,0.06372,0.30981,-0.94843,-0.3877,0.58447,0.61768,7.0,1.0,-4.0,0.0,7.0,-1.0,5.0,-5.0,13.0,135.75,-18.9375,-0.36682,0.08649,-0.4552,-0.8067
I,0.0,0.0,0.0,-6.0,-1.0,-3.0,-1.0,-3.0,1.0,0.0,-10.0,0.0,0.0,0.0,0.0,0.0,0.0,0.0,-0.18604,-0.61475,0.74463,0.0,-1.0,-2.0,-1.0,-1.0,-2.0,2.0,-1.0,0.0,-0.3125,-0.8125,0.88513,-0.28253,0.20374,-0.30841,-0.23486,0.69482,0.76416,7.0,12.0,11.0,14.0,5.0,8.0,9.0,13.0,-64.25,16.6875,-12.0,-0.58154,-0.37756,0.2052,0.69073,-0.18652,-0.60596,0.75,1.0,1.0,-1.0,-2.0,0.0,0.0,0.0,-2.0,-0.875,-4.1875,-5.3125,0.88458,-0.28363,0.19897,-0.31213
I,0.0,0.0,0.0,-7.0,0.0,-1.0,-2.0,4.0,4.0,13.0,-8.0,0.0,0.0,0.0,0.0,0.0,0.0,0.0,-0.12891,-0.54736,0.81689,-2.0,-4.0,-5.0,-5.0,-6.0,-2.0,0.0,-2.0,1.375,-2.4375,-0.375,0.75726,-0.18604,0.22803,-0.58307,0.0,0.0,0.0,12.0,18.0,20.0,6.0,-8.0,-5.0,7.0,-2.0,0.0,0.0,0.0,0.0,0.0,0.0,0.0,-0.11523,-0.52783,0.81055,-1.0,0.0,2.0,5.0,3.0,2.0,0.0,-3.0,0.1875,-0.6875,-2.0625,0.7522,-0.1889,0.22583,-0.58954
I,0.0,0.0,0.0,0.0,0.0,0.0,0.0,0.0,0.0,0.0,0.0,0.0,0.0,0.0,0.0,0.0,0.0,0.0,-0.08691,0.82129,0.61133,2.0,-5.0,-14.0,-10.0,-7.0,-4.0,-7.0,4.0,-3.3125,-17.3125,1.4375,-0.8634,-0.39801,-0.12555,-0.28369,0.02832,-0.55322,0.82031,-2.0,-5.0,-7.0,-7.0,-5.0,-2.0,0.0,-2.0,0.75,0.6875,-3.375,0.91602,-0.28613,0.07184,-0.27179,-0.31055,0.64697,0.604,-9.0,0.0,1.0,9.0,-1.0,-2.0,-6.0,0.0,12.5625,94.25,-28.625,-0.86554,-0.32776,-0.31207,-0.21466
I,0.0,0.0,0.0,10.0,4.0,-1.0,-1.0,2.0,1.0,2.0,7.0,0.0,0.0,0.0,0.0,0.0,0.0,0.0,-0.12158,-0.54932,0.82275,-1.0,0.0,-3.0,-5.0,-7.0,0.0,-1.0,-5.0,0.125,-1.0625,0.0,0.69745,-0.17017,0.24396,-0.65204,-0.0835,0.91211,1.00244,-1.0,-2.0,3.0,2.0,10.0,-3.0,-26.0,2.0,-42.6875,17.0,-66.6875,-0.48859,-0.25928,0.28479,0.7829,-0.10449,-0.5542,0.81836,1.0,2.0,1.0,4.0,5.0,3.0,0.0,-2.0,-3.4375,-1.25,-10.6875,0.69299,-0.17804,0.23712,-0.6571
I,0.01563,-0.52979,0.82227,0.0,1.0,3.0,-3.0,-1.0,-2.0,0.0,-2.0,0.75,0.3125,0.5625,0.82471,-0.24506,0.14081,-0.48987,-0.05371,0.72412,0.68896,-11.0,-2.0,11.0,7.0,2.0,2.0,0.0,-10.0,-3.3125,-5.3125,4.125,-0.81415,-0.3418,-0.19623,-0.42651,0.0,0.0,0.0,-1.0,-1.0,3.0,3.0,2.0,1.0,1.0,3.0,0.0,0.0,0.0,0.0,0.0,0.0,0.0,-0.16064,0.68896,0.75146,-5.0,-3.0,2.0,4.0,14.0,12.0,4.0,-8.0,14.0625,40.875,-41.5,-0.84381,-0.29529,-0.23767,-0.38
Julia,-0.05273,-0.58008,0.80371,0.0,2.0,-4.0,-5.0,-1.0,-5.0,-1.0,8.0,-3.3125,4.25,-2.25,0.91034,-0.27692,0.11627,-0.28473,0.0,0.0,0.0,-8.0,-9.0,-7.0,-4.0,-2.0,-1.0,-1.0,4.0,0.0,0.0,0.0,0.0,0.0,0.0,0.0,-0.05957,-0.57471,0.79443,-1.0,-3.0,-3.0,-2.0,3.0,2.0,-3.0,-4.0,2.875,-0.625,-10.6875,0.9024,-0.27783,0.12286,-0.30554,-0.83936,0.55566,0.17676,16.0,36.0,31.0,14.0,6.0,-10.0,2.0,-1.0,43.125,111.0625,-72.4375,-0.72473,-0.27759,-0.62585,-0.07813
Julia,-0.05371,-0.56689,0.81348,0.0,-1.0,1.0,9.0,14.0,0.0,0.0,-21.0,0.25,2.0625,-0.9375,0.79749,-0.23169,0.18848,-0.52423,-0.20898,0.87305,0.67432,26.0,6.0,8.0,5.0,0.0,-7.0,8.0,51.0,9.25,29.1875,-61.1875,-0.79749,-0.34674,-0.25842,-0.42078,-0.06494,-0.56738,0.81201,-4.0,-1.0,4.0,3.0,2.0,-3.0,-3.0,-7.0,3.9375,1.0625,-4.75,0.78815,-0.22479,0.19623,-0.53827,-0.82031,0.4917,0.14697,2.0,17.0,6.0,1.0,-3.0,-9.0,11.0,29.0,37.25,124.125,-80.6875,-0.7066,-0.17865,-0.66724,-0.15387
Julia,-0.05371,-0.56787,0.79932,4.0,1.0,3.0,1.0,0.0,-1.0,4.0,38.0,-1.0625,0.5625,-2.5625,0.93176,-0.28503,0.0918,-0.2052,-0.19873,0.86621,0.66553,-9.0,3.0,-5.0,-2.0,-1.0,-5.0,-7.0,-11.0,28.4375,24.8125,-6.8125,-0.86859,-0.3949,-0.18121,-0.2384,0.0,0.0,0.0,0.0,0.0,4.0,6.0,7.0,0.0,1.0,-3.0,0.0,0.0,0.0,0.0,0.0,0.0,0.0,-0.80078,0.52393,0.10156,-7.0,10.0,2.0,-2.0,-10.0,-5.0,3.0,-26.0,41.3125,80.3125,-65.1875,-0.71033,-0.36499,-0.60162,-0.01758
Julia,-0.07178,-0.56689,0.79688,0.0,0.0,0.0,0.0,0.0,0.0,0.0,0.0,0.25,0.9375,-3.4375,0.89221,-0.26727,0.14691,-0.33295,-0.1377,0.79395,0.68311,32.0,-13.0,-41.0,-25.0,-13.0,-8.0,-13.0,-5.0,3.125,-3.0,-5.125,-0.85492,-0.34534,-0.19879,-0.3324,-0.03955,-0.57178,0.79639,0.0,-1.0,-5.0,-9.0,-5.0,-3.0,-3.0,17.0,5.5,3.4375,-6.4375,0.88214,-0.26947,0.14508,-0.35791,0.0,0.0,0.0,-38.0,22.0,-4.0,-6.0,-9.0,-3.0,-29.0,-81.0,0.0,0.0,0.0,0.0,0.0,0.0,0.0
Julia,-0.07764,-0.60498,0.7876,0.0,-5.0,-6.0,-5.0,-5.0,-6.0,-1.0,2.0,-0.8125,1.75,-5.0625,0.57111,-0.15131,0.27289,-0.75928,-0.22754,0.94189,0.72949,-15.0,-7.0,-12.0,-7.0,-4.0,3.0,-4.0,-16.0,-2.875,34.1875,-35.8125,-0.47992,-0.26666,0.31384,0.77466,-0.06689,-0.57959,0.77979,0.0,3.0,2.0,4.0,4.0,4.0,3.0,3.0,0.125,-2.0625,-6.6875,0.5528,-0.15674,0.27283,-0.77161,-0.72754,0.45313,0.18506,37.0,26.0,3.0,1.0,10.0,10.0,13.0,7.0,34.5625,104.4375,-85.0625,-0.2179,-0.69318,0.10718,0.67865
Julia,-0.12305,0.86426,0.66162,-8.0,-46.0,-31.0,-17.0,-5.0,-7.0,-8.0,-9.0,1.9375,6.5625,-3.125,-0.86584,-0.38684,-0.164,-0.27173,0.0,0.0,0.0,-1.0,0.0,1.0,0.0,2.0,0.0,-2.0,-1.0,0.0,0.0,0.0,0.0,0.0,0.0,0.0,-0.81836,0.67529,0.24854,0.0,-31.0,-26.0,-17.0,4.0,-1.0,-4.0,32.0,74.25,91.875,-82.9375,-0.74249,-0.34015,-0.57532,-0.04565,0.0,0.0,0.0,0.0,0.0,0.0,0.0,0.0,0.0,0.0,0.0,0.0,0.0,0.0,0.0,0.0,0.0,0.0
Julia,-0.13672,-0.60498,0.79834,-2.0,-2.0,-1.0,-2.0,-5.0,-1.0,-1.0,-7.0,-1.0625,-1.0625,-1.75,-0.01996,0.08087,0.31,-0.94708,-0.19141,0.91846,0.66016,-20.0,-26.0,21.0,14.0,0.0,-9.0,12.0,19.0,-4.6875,10.375,-9.875,-0.30267,-0.07654,-0.44415,-0.83984,-0.12451,-0.61768,0.79443,-1.0,-3.0,-1.0,-6.0,-5.0,-7.0,-13.0,-11.0,-0.1875,-0.3125,-7.0,-0.03986,0.07825,0.31586,-0.94476,-0.81055,0.53223,0.19482,49.0,14.0,0.0,0.0,-44.0,-36.0,-6.0,49.0,36.5625,115.625,-92.0625,-0.38184,0.3172,-0.60352,-0.62402
Julia,-0.14453,0.77979,0.5791,6.0,-11.0,-6.0,-6.0,-4.0,-3.0,-3.0,-1.0,-8.1875,-8.75,6.875,-0.56274,-0.34607,0.28949,0.69263,-0.13672,-0.58301,0.76074,-3.0,-2.0,4.0,3.0,1.0,2.0,-6.0,-7.0,1.75,-3.875,-2.875,0.77026,-0.22107,0.24835,-0.54419,-0.74268,0.6582,0.50049,-16.0,-7.0,10.0,7.0,19.0,8.0,-3.0,-72.0,56.4375,171.0,-142.3125,-0.36725,-0.58234,0.09839,0.71857,-0.09814,-0.59961,0.7666,2.0,1.0,1.0,4.0,5.0,0.0,6.0,9.0,0.8125,4.0,-7.875,0.7619,-0.22559,0.2403,-0.55756
Julia,-0.17969,-0.55811,0.80225,-1.0,4.0,6.0,6.0,1.0,2.0,3.0,-1.0,0.75,-1.75,-1.9375,0.95081,-0.29578,0.08752,0.02734,-0.22363,0.89404,0.64941,-41.0,-25.0,19.0,6.0,5.0,13.0,0.0,-3.0,-2.1875,-10.75,0.5625,0.00513,0.0885,-0.41022,-0.90771,-0.16602,-0.55957,0.80469,-1.0,2.0,0.0,9.0,8.0,2.0,-1.0,-4.0,5.0625,-4.875,-4.25,0.95227,-0.29211,0.0871,0.01202,-0.80957,0.5,0.06006,8.0,7.0,5.0,1.0,26.0,25.0,20.0,40.0,41.75,93.375,-74.8125,-0.15894,0.52148,-0.47144,-0.69324
Julia,-0.25342,0.84912,0.70703,-10.0,-9.0,11.0,15.0,1.0,14.0,10.0,13.0,12.8125,31.625,-10.5625,-0.59814,-0.19989,-0.3479,-0.69379,-0.1167,-0.59229,0.79102,-1.0,-2.0,-4.0,1.0,0.0,1.0,3.0,1.0,0.6875,-1.4375,-1.25,0.93158,-0.28833,0.11969,-0.1864,-0.81055,0.4209,0.06201,8.0,5.0,-2.0,-2.0,-4.0,-7.0,-2.0,-11.0,36.75,71.4375,-68.75,-0.5824,0.08734,-0.71234,-0.3819,-0.09375,-0.57275,0.7998,0.0,-2.0,-4.0,-6.0,-12.0,-6.0,-5.0,-1.0,1.8125,-0.4375,-2.3125,0.92896,-0.28455,0.11462,-0.20721
Julia,-0.26807,0.81836,0.65039,0.0,1.0,5.0,8.0,20.0,17.0,7.0,13.0,-9.0,31.9375,-45.125,-0.54126,-0.36377,0.26398,0.71063,-0.19922,-0.60986,0.75342,-3.0,-1.0,-1.0,0.0,2.0,5.0,0.0,-5.0,-3.0625,1.4375,-1.8125,0.83099,-0.24768,0.24408,-0.4342,-0.83008,0.52686,0.24902,-26.0,-40.0,-17.0,-9.0,6.0,-7.0,0.0,-29.0,8.0625,80.375,-52.625,-0.3783,-0.62445,0.02032,0.68304,-0.19238,-0.61719,0.75098,1.0,-1.0,0.0,2.0,1.0,1.0,4.0,5.0,1.1875,-0.375,-2.5,0.82794,-0.24292,0.24622,-0.44147
Julia,-0.32227,0.80225,0.81592,-12.0,24.0,24.0,14.0,0.0,-1.0,2.0,-8.0,-37.875,52.8125,-12.8125,-0.52588,-0.31042,0.28223,0.73987,-0.18066,-0.56396,0.76123,0.0,0.0,-2.0,2.0,-1.0,4.0,5.0,1.0,-0.9375,-0.125,-5.375,0.70099,-0.16852,0.27277,-0.63702,-0.67383,0.36475,0.11768,-22.0,-26.0,-4.0,-5.0,-3.0,13.0,1.0,1.0,35.9375,113.25,-72.8125,-0.25446,-0.72424,-0.00421,0.64087,-0.14844,-0.55859,0.78027,-2.0,-2.0,-5.0,-5.0,-8.0,-8.0,-6.0,-10.0,2.75,-1.25,5.1875,0.68768,-0.17487,0.26874,-0.65137
Julia,-0.33057,0.98193,0.55127,45.0,52.0,-5.0,-11.0,-2.0,-13.0,-12.0,-16.0,-4.3125,6.5,-25.125,-0.59393,-0.43817,0.25183,0.62592,-0.1875,-0.66455,0.71387,-3.0,-1.0,-3.0,-4.0,0.0,-1.0,-1.0,1.0,0.9375,-2.9375,-3.375,0.84644,-0.28815,0.237,-0.37988,-0.77393,0.5625,0.15283,7.0,6.0,-3.0,-7.0,10.0,18.0,14.0,42.0,43.0,128.8125,-75.8125,-0.38995,-0.68695,0.00635,0.61322,-0.18115,-0.64209,0.70508,0.0,-1.0,-1.0,-1.0,3.0,8.0,3.0,-11.0,-4.375,-0.0625,-7.125,0.83771,-0.29486,0.23499,-0.39502
Julia,-0.40283,0.88525,0.65479,-9.0,0.0,0.0,0.0,12.0,6.0,4.0,-5.0,17.9375,52.5,-35.0,0.17755,0.22498,-0.37482,-0.88171,-0.20117,-0.57764,0.79004,-1.0,1.0,-1.0,-1.0,1.0,-7.0,-11.0,1.0,-1.5625,0.5,-1.0625,0.93939,-0.31183,0.06604,0.12598,-0.74756,0.39893,-0.10059,0.0,-38.0,-18.0,-5.0,-15.0,-13.0,0.0,26.0,6.3125,57.625,-54.75,-0.0246,0.68213,-0.32813,-0.65302,0.0,0.0,0.0,0.0,-2.0,-3.0,-9.0,-10.0,-4.0,0.0,3.0,0.0,0.0,0.0,0.0,0.0,0.0,0.0
Julia,0.0,0.0,0.0,-2.0,0.0,-3.0,-1.0,-2.0,-2.0,2.0,4.0,0.0,0.0,0.0,0.0,0.0,0.0,0.0,0.0,0.0,0.0,-1.0,1.0,-1.0,0.0,-1.0,-1.0,-2.0,-19.0,0.0,0.0,0.0,0.0,0.0,0.0,0.0,0.0,0.0,0.0,0.0,-1.0,-4.0,-5.0,0.0,1.0,0.0,1.0,0.0,0.0,0.0,0.0,0.0,0.0,0.0,-0.87549,0.52295,0.09619,-23.0,10.0,17.0,8.0,4.0,5.0,-11.0,-22.0,43.5625,98.125,-77.125,-0.39691,0.2959,-0.63995,-0.58777
Julia,0.0,0.0,0.0,-3.0,-5.0,-1.0,-4.0,-5.0,2.0,2.0,1.0,0.0,0.0,0.0,0.0,0.0,0.0,0.0,-0.18555,0.91162,0.60498,-31.0,-53.0,-15.0,-11.0,-2.0,-16.0,-8.0,-9.0,-27.125,15.4375,-40.625,-0.71759,-0.41052,0.20605,0.5235,-0.07031,-0.63037,0.7666,-4.0,-3.0,0.0,-1.0,-2.0,-7.0,-11.0,-6.0,1.3125,-1.375,-0.625,0.9079,-0.31067,0.1275,-0.25098,0.0,0.0,0.0,15.0,12.0,26.0,7.0,6.0,-1.0,3.0,23.0,0.0,0.0,0.0,0.0,0.0,0.0,0.0
Julia,0.0,0.0,0.0,-8.0,4.0,15.0,8.0,23.0,43.0,22.0,29.0,0.0,0.0,0.0,0.0,0.0,0.0,0.0,-0.15576,-0.57178,0.7749,-2.0,-3.0,-4.0,-3.0,-7.0,-1.0,2.0,-2.0,-0.0625,-0.25,-5.375,0.67499,-0.1662,0.27789,-0.66296,-0.70313,0.39111,0.06592,9.0,-10.0,-25.0,-12.0,19.0,13.0,-5.0,12.0,5.125,116.4375,-71.4375,-0.24878,-0.72339,0.03345,0.64319,-0.12207,-0.57959,0.79883,0.0,0.0,-1.0,-4.0,-5.0,-2.0,2.0,2.0,1.1875,-2.5625,-9.9375,0.65405,-0.1723,0.27045,-0.68512
Julia,0.0,0.0,0.0,1.0,-17.0,-25.0,-9.0,10.0,18.0,2.0,8.0,0.0,0.0,0.0,0.0,0.0,0.0,0.0,-0.16406,-0.59668,0.79736,-1.0,-3.0,-6.0,-9.0,-15.0,2.0,12.0,1.0,-0.5,-1.75,-3.9375,0.7533,-0.20166,0.25531,-0.57153,-0.63428,0.41064,0.04248,5.0,19.0,0.0,-4.0,-20.0,-6.0,-20.0,-34.0,11.0625,107.3125,-57.25,-0.28827,-0.72723,-0.01215,0.62286,-0.10742,-0.58496,0.77588,0.0,0.0,0.0,7.0,4.0,0.0,5.0,4.0,-0.375,-2.1875,-11.1875,0.74652,-0.2066,0.24438,-0.58331
Julia,0.0,0.0,0.0,1.0,8.0,16.0,12.0,9.0,3.0,-1.0,-1.0,0.0,0.0,0.0,0.0,0.0,0.0,0.0,-0.23877,-0.58105,0.78076,-4.0,-4.0,-4.0,-9.0,-4.0,-1.0,-4.0,-4.0,-5.0,4.6875,-0.5,0.81812,-0.20746,0.263,-0.46741,-0.67236,0.95313,0.67529,-30.0,-36.0,-1.0,2.0,14.0,15.0,17.0,34.0,28.5,135.625,-123.875,-0.51526,-0.41278,0.17163,0.7312,-0.23193,-0.58447,0.75439,1.0,4.0,7.0,12.0,12.0,7.0,-1.0,-1.0,-2.0,3.8125,-8.5625,0.79022,-0.20587,0.26819,-0.51111
Julia,0.0,0.0,0.0,7.0,0.0,-11.0,-4.0,-3.0,4.0,7.0,25.0,0.0,0.0,0.0,0.0,0.0,0.0,0.0,-0.05762,-0.55225,0.81445,-4.0,-1.0,-2.0,-2.0,-4.0,-5.0,-2.0,-33.0,-1.5,0.6875,-2.125,0.8598,-0.24585,0.15674,-0.41913,0.0,0.0,0.0,0.0,0.0,0.0,0.0,0.0,0.0,0.0,0.0,0.0,0.0,0.0,0.0,0.0,0.0,0.0,-0.03467,-0.5542,0.81738,-3.0,-3.0,-6.0,-5.0,-5.0,-5.0,-6.0,-6.0,0.3125,8.5,-5.3125,0.85028,-0.24866,0.16254,-0.43445
communication,-0.02344,-0.59277,0.79395,3.0,6.0,6.0,5.0,8.0,-2.0,-12.0,4.0,-2.0,2.5625,0.0,0.88678,-0.2854,0.12134,-0.34265,-0.11279,0.80664,0.65967,11.0,-7.0,-4.0,-7.0,-1.0,-1.0,-1.0,6.0,16.5625,19.8125,-10.375,-0.84521,-0.36377,-0.2041,-0.33429,0.13867,-0.81592,0.8335,5.0,3.0,-1.0,5.0,13.0,8.0,-9.0,-1.0,-43.25,65.625,-16.0,0.83154,-0.35706,0.20581,-0.37238,-0.56836,0.77686,0.31738,-21.0,19.0,8.0,3.0,2.0,1.0,-2.0,-8.0,34.5625,-22.1875,7.625,-0.77075,-0.37115,-0.41486,-0.31006
communication,-0.02539,-0.58691,0.80713,-1.0,-1.0,-4.0,-1.0,-2.0,-6.0,-2.0,-1.0,-6.0,7.6875,-1.5,0.91553,-0.28949,0.08197,-0.26697,-0.0957,0.80371,0.64795,13.0,11.0,8.0,6.0,6.0,4.0,3.0,4.0,17.5,30.5625,-8.625,-0.85388,-0.38458,-0.18213,-0.2998,0.0,0.0,0.0,7.0,-1.0,-3.0,6.0,4.0,-3.0,-2.0,-4.0,0.0,0.0,0.0,0.0,0.0,0.0,0.0,-0.41846,0.79102,0.35107,26.0,15.0,3.0,0.0,-4.0,-6.0,-1.0,0.0,34.5,51.0625,4.0625,-0.76685,-0.38214,-0.40503,-0.3194
communication,-0.0293,-0.60303,0.78516,0.0,-3.0,-1.0,1.0,-2.0,-5.0,-3.0,0.0,-8.0,2.25,0.0,0.93207,-0.30164,0.07574,-0.18561,-0.14111,0.854,0.58398,-19.0,-37.0,-22.0,-5.0,-4.0,-3.0,-6.0,-11.0,25.9375,41.5625,-18.1875,-0.85681,-0.41907,-0.19397,-0.22961,-0.02881,-0.76953,0.66064,2.0,6.0,19.0,22.0,24.0,25.0,7.0,0.0,-31.75,97.5,-0.6875,0.85248,-0.40472,0.19141,-0.26996,-0.34863,0.86182,0.30469,-20.0,-12.0,6.0,6.0,-3.0,2.0,0.0,-1.0,18.75,-70.5625,15.0,-0.78687,-0.46661,-0.33136,-0.23126
communication,-0.05518,-0.55322,0.81641,-1.0,-1.0,1.0,0.0,-1.0,-8.0,-12.0,-1.0,-6.4375,7.25,-1.1875,0.8161,-0.23468,0.1723,-0.49915,-0.1084,0.80615,0.64941,-18.0,-8.0,2.0,6.0,4.0,-3.0,-4.0,-19.0,18.4375,22.1875,-4.25,-0.7915,-0.33862,-0.25293,-0.44153,0.18457,-0.75195,0.80908,-16.0,2.0,1.0,5.0,1.0,-7.0,-16.0,-11.0,-59.0625,29.4375,-31.1875,0.71674,-0.31995,0.27679,-0.55432,-0.43994,0.73584,0.31836,2.0,0.0,4.0,0.0,-1.0,-1.0,1.0,-10.0,49.0,-30.125,-14.9375,-0.71466,-0.32587,-0.44495,-0.43036
communication,-0.07617,0.81689,0.67676,35.0,24.0,16.0,14.0,10.0,4.0,-1.0,6.0,17.4375,13.25,-8.5625,-0.82947,-0.35443,-0.20349,-0.38086,0.00635,-0.55176,0.82666,0.0,-1.0,-3.0,-8.0,-8.0,0.0,10.0,9.0,-7.625,2.6875,-1.75,0.86823,-0.25244,0.12299,-0.40912,-0.49658,0.83496,0.30078,8.0,16.0,4.0,-2.0,-1.0,-1.0,1.0,4.0,49.375,-49.6875,-1.25,-0.74719,-0.3844,-0.41003,-0.35486,0.04639,-0.73047,0.71436,-2.0,-1.0,-7.0,-11.0,-9.0,-5.0,-5.0,0.0,-45.25,97.625,-13.9375,0.79047,-0.3418,0.24139,-0.44727
communication,-0.09131,-0.53564,0.82617,0.0,2.0,-1.0,3.0,5.0,-7.0,-14.0,-5.0,-6.5,-1.125,-3.9375,0.95569,-0.28601,0.02887,0.06281,0.0,0.0,0.0,0.0,0.0,0.0,0.0,0.0,0.0,0.0,0.0,0.0,0.0,0.0,0.0,0.0,0.0,0.0,-0.25928,-0.7168,0.68213,-1.0,-5.0,-11.0,-13.0,-20.0,-27.0,-11.0,-4.0,-27.0625,148.3125,-4.1875,0.90393,-0.4007,0.14703,-0.02679,0.0,0.0,0.0,4.0,6.0,8.0,9.0,-1.0,1.0,-1.0,58.0,0.0,0.0,0.0,0.0,0.0,0.0,0.0
communication,-0.11182,0.84521,0.646,2.0,-37.0,-28.0,-22.0,-9.0,-7.0,-5.0,-4.0,20.875,10.625,-4.375,-0.53143,-0.33105,0.3031,0.71838,0.0,0.0,0.0,4.0,2.0,5.0,8.0,7.0,10.0,0.0,29.0,0.0,0.0,0.0,0.0,0.0,0.0,0.0,-0.60449,0.74414,0.28906,9.0,16.0,5.0,3.0,3.0,4.0,12.0,67.0,41.5625,-36.5,13.9375,-0.52411,-0.50018,0.23529,0.64789,-0.05713,-0.71094,0.76514,11.0,5.0,5.0,12.0,21.0,32.0,9.0,-12.0,-19.875,107.9375,-18.875,0.70074,-0.24603,0.3158,-0.59052
communication,-0.14014,0.87646,0.57959,5.0,22.0,11.0,1.0,-6.0,0.0,7.0,13.0,19.9375,61.3125,-8.4375,-0.85645,-0.40393,-0.18707,-0.2616,0.00928,-0.60938,0.74756,0.0,0.0,4.0,4.0,11.0,8.0,18.0,-16.0,-16.9375,-1.0625,4.6875,0.92462,-0.30261,0.05298,-0.22504,-0.25391,0.93652,0.40918,1.0,-10.0,-5.0,-4.0,-5.0,-3.0,5.0,22.0,29.125,-57.875,12.875,-0.78674,-0.46826,-0.30756,-0.25934,0.12549,-0.79395,0.71826,0.0,2.0,-1.0,-7.0,-11.0,-15.0,-1.0,51.0,-38.875,93.3125,-6.125,0.85229,-0.40686,0.13141,-0.30133
communication,-0.14063,-0.61865,0.77295,1.0,2.0,2.0,7.0,6.0,7.0,4.0,8.0,-5.4375,0.0,1.8125,2.4E-4,0.07031,0.32367,-0.9436,-0.15771,0.8252,0.54297,-13.0,-12.0,21.0,10.0,3.0,2.0,2.0,3.0,2.0625,-0.125,2.3125,-0.30811,-0.07227,-0.47162,-0.82312,0.07568,-0.74512,0.7627,4.0,1.0,4.0,6.0,14.0,6.0,-7.0,4.0,-53.4375,53.4375,-53.6875,-0.05499,0.05682,0.41772,-0.90515,-0.53271,0.79834,0.29932,-2.0,-1.0,0.0,-1.0,1.0,1.0,10.0,-2.0,24.6875,43.375,-7.5625,-0.26807,7.3E-4,-0.54156,-0.79688
communication,-0.15869,0.81348,0.64551,3.0,-4.0,-6.0,-2.0,-2.0,-2.0,-3.0,0.0,5.875,-16.3125,1.125,-0.55865,-0.34094,0.26971,0.70636,-0.16895,-0.60498,0.78809,0.0,1.0,0.0,-2.0,-3.0,-5.0,-8.0,8.0,2.875,-2.6875,-4.375,0.78931,-0.21008,0.23901,-0.52502,-0.53027,0.74609,0.37305,-36.0,-36.0,-30.0,-19.0,-8.0,-13.0,-18.0,-33.0,39.75,71.75,12.125,-0.55963,-0.4707,0.21722,0.64655,-0.00684,-0.75537,0.75488,-11.0,-6.0,-26.0,-26.0,-37.0,-36.0,-14.0,3.0,-60.0625,51.0625,-29.25,0.73413,-0.28009,0.29279,-0.54486
communication,-0.16992,-0.62158,0.75732,1.0,-4.0,-1.0,-1.0,-2.0,-2.0,-3.0,-1.0,0.625,2.5,0.9375,0.91925,-0.3064,0.15051,-0.1958,0.0,0.0,0.0,-3.0,-15.0,-5.0,-1.0,1.0,0.0,6.0,20.0,0.0,0.0,0.0,0.0,0.0,0.0,0.0,0.0415,-0.75195,0.81787,-10.0,-6.0,5.0,17.0,20.0,32.0,-3.0,-25.0,-32.8125,13.0,-16.5625,0.90515,-0.36133,0.12286,-0.18701,0.0,0.0,0.0,4.0,5.0,11.0,8.0,-4.0,2.0,0.0,24.0,0.0,0.0,0.0,0.0,0.0,0.0,0.0
communication,-0.17334,0.81934,0.57813,-7.0,-3.0,-3.0,-4.0,0.0,2.0,2.0,3.0,17.25,-0.9375,13.8125,-0.52026,-0.33514,0.28162,0.73328,-0.21484,-0.64893,0.74316,-8.0,-5.0,-6.0,-12.0,-14.0,-15.0,-15.0,-13.0,-20.0625,7.4375,-27.6875,0.72717,-0.18835,0.25256,-0.60986,-0.46777,0.88818,0.30469,-4.0,-17.0,-2.0,4.0,8.0,-1.0,4.0,2.0,51.0,-89.75,33.6875,-0.46661,-0.51013,0.27728,0.66718,-0.44873,-0.68604,0.31348,4.0,3.0,-5.0,4.0,11.0,20.0,50.0,-31.0,-27.6875,91.4375,10.0,0.55597,-0.11334,0.47925,-0.66962
communication,-0.18604,-0.67139,0.71191,-2.0,1.0,2.0,-1.0,3.0,12.0,28.0,-2.0,-25.8125,13.0,-18.0,0.57349,-0.16162,0.30768,-0.74182,-0.16357,0.7915,0.72754,-57.0,-17.0,8.0,4.0,11.0,5.0,5.0,-1.0,-11.375,47.625,-21.125,-0.47803,-0.26324,0.30286,0.78131,0.0,0.0,0.0,-5.0,-3.0,3.0,0.0,-3.0,-15.0,-18.0,-19.0,0.0,0.0,0.0,0.0,0.0,0.0,0.0,-0.6626,0.69189,0.2915,-18.0,-13.0,-2.0,-6.0,-8.0,-4.0,-17.0,-41.0,51.625,-28.0625,-13.625,-0.43982,-0.48181,0.2912,0.69971
communication,-0.21436,0.87988,0.72607,-20.0,-46.0,-20.0,-10.0,-8.0,-9.0,-8.0,-10.0,20.625,54.0,-21.9375,-0.50952,-0.33051,0.29041,0.73944,-0.29541,-0.66553,0.72998,4.0,2.0,3.0,10.0,14.0,10.0,6.0,13.0,-43.9375,1.0625,-13.625,0.67151,-0.19,0.27222,-0.66248,-0.68994,0.82031,0.23291,0.0,7.0,5.0,-1.0,-2.0,0.0,-3.0,4.0,60.5,-103.5625,20.1875,-0.46088,-0.51709,0.24774,0.67737,-0.3916,-0.70996,0.43018,11.0,-9.0,-10.0,-10.0,-5.0,3.0,2.0,-38.0,-3.4375,193.875,10.8125,0.5661,-0.14258,0.43878,-0.68311
communication,-0.21729,0.84814,0.59912,-11.0,-11.0,-2.0,-3.0,1.0,5.0,6.0,4.0,21.25,36.5625,-20.1875,-0.57104,-0.20703,-0.40094,-0.68585,0.0,0.0,0.0,-5.0,-5.0,-6.0,-7.0,-9.0,-12.0,-6.0,-4.0,0.0,0.0,0.0,0.0,0.0,0.0,0.0,0.0,0.0,0.0,-57.0,-53.0,-38.0,-27.0,-11.0,-5.0,-5.0,-4.0,0.0,0.0,0.0,0.0,0.0,0.0,0.0,-0.33789,-0.73242,0.36865,3.0,-1.0,0.0,-6.0,-12.0,-20.0,-25.0,-5.0,-24.1875,142.5625,3.375,0.79779,-0.39764,0.34827,-0.28998
communication,-0.22266,0.86768,0.5957,-16.0,7.0,5.0,1.0,1.0,4.0,10.0,21.0,4.0,-11.8125,16.5625,-0.53558,-0.38947,0.27386,0.69751,-0.31494,-0.65283,0.64502,1.0,-4.0,0.0,6.0,11.0,10.0,6.0,7.0,6.4375,-23.1875,-6.1875,0.815,-0.26196,0.28351,-0.43213,-0.67969,0.64844,0.2583,13.0,8.0,6.0,-1.0,-12.0,-1.0,12.0,26.0,29.25,-34.875,11.1875,-0.49866,-0.52405,0.17017,0.66913,-0.19092,-0.70557,0.6333,2.0,-2.0,-2.0,-6.0,-2.0,-1.0,2.0,4.0,-6.125,147.0,-17.8125,0.76221,-0.27576,0.31378,-0.49445
communication,-0.33057,0.8042,0.54541,5.0,1.0,-14.0,-13.0,1.0,-3.0,0.0,1.0,26.0625,58.3125,-22.5,0.198,0.27527,-0.39648,-0.85315,-0.1748,-0.59131,0.75244,6.0,1.0,3.0,7.0,12.0,14.0,3.0,0.0,-18.6875,9.875,2.25,0.92816,-0.33746,0.0332,0.15314,-0.38379,0.8252,0.32666,1.0,2.0,-11.0,-8.0,3.0,2.0,4.0,11.0,-17.5,86.625,-23.25,0.20654,0.33948,-0.45197,-0.79865,0.0,0.0,0.0,-4.0,-2.0,3.0,12.0,17.0,17.0,1.0,-45.0,0.0,0.0,0.0,0.0,0.0,0.0,0.0
communication,-0.47852,0.7959,0.34863,31.0,27.0,6.0,7.0,23.0,22.0,4.0,26.0,2.8125,56.875,-3.5625,-0.55182,-0.50702,0.21191,0.62732,0.0,0.0,0.0,-3.0,-4.0,-11.0,-19.0,-6.0,6.0,-18.0,-3.0,0.0,0.0,0.0,0.0,0.0,0.0,0.0,-0.76807,0.73291,0.04883,7.0,0.0,-6.0,-5.0,-12.0,-11.0,-9.0,-31.0,13.6875,-36.625,19.75,-0.56097,-0.55573,0.16681,0.59045,0.0,0.0,0.0,-6.0,-10.0,-14.0,-17.0,-20.0,-8.0,-10.0,24.0,0.0,0.0,0.0,0.0,0.0,0.0,0.0
communication,0.0,0.0,0.0,25.0,43.0,28.0,15.0,6.0,1.0,-3.0,17.0,0.0,0.0,0.0,0.0,0.0,0.0,0.0,-0.2085,-0.59521,0.76758,2.0,-1.0,-4.0,-10.0,-13.0,-32.0,9.0,-2.0,-5.1875,-1.0625,-18.25,0.82446,-0.22607,0.2254,-0.46729,-0.67139,0.67969,0.25439,20.0,42.0,11.0,-2.0,-8.0,-10.0,-11.0,-1.0,32.4375,-6.5,5.875,-0.53735,-0.55933,0.13367,0.61688,-0.19189,-0.68799,0.65918,-6.0,11.0,18.0,20.0,16.0,4.0,4.0,-1.0,-19.25,142.0,-43.9375,0.74213,-0.25159,0.33484,-0.52325
communication,0.0,0.0,0.0,5.0,1.0,0.0,-1.0,-8.0,-7.0,10.0,1.0,0.0,0.0,0.0,0.0,0.0,0.0,0.0,-0.07373,0.8252,0.62939,-31.0,-27.0,1.0,2.0,-3.0,0.0,2.0,-3.0,22.4375,39.75,-24.5625,-0.28809,-0.07544,-0.44171,-0.84637,-0.28027,-0.73291,0.49707,3.0,5.0,9.0,9.0,1.0,-1.0,-16.0,1.0,-20.8125,143.125,19.125,0.86145,-0.42505,0.22839,-0.15826,0.0,0.0,0.0,0.0,0.0,0.0,0.0,0.0,0.0,0.0,0.0,0.0,0.0,0.0,0.0,0.0,0.0,0.0
deaf,-0.00732,-0.56543,0.80615,1.0,0.0,3.0,7.0,8.0,5.0,4.0,-8.0,0.375,-1.4375,-0.9375,0.81384,-0.25262,0.15704,-0.49921,-0.06104,0.7417,0.69727,-3.0,9.0,11.0,4.0,4.0,-1.0,-5.0,-14.0,-0.625,-1.3125,1.9375,-0.80988,-0.33917,-0.21222,-0.42908,0.00537,-0.55615,0.81445,-2.0,0.0,-2.0,-2.0,-1.0,-1.0,2.0,3.0,-1.0,2.875,-4.25,0.81085,-0.25299,0.15698,-0.50385,0.0,0.0,0.0,-3.0,13.0,13.0,3.0,-1.0,-4.0,6.0,-9.0,0.0,0.0,0.0,0.0,0.0,0.0,0.0
deaf,-0.01416,0.78076,0.64551,-7.0,-9.0,-15.0,-11.0,-5.0,-5.0,0.0,9.0,0.3125,-2.1875,1.375,-0.86847,-0.40674,-0.12299,-0.25549,0.02832,-0.54736,0.81592,0.0,0.0,1.0,3.0,5.0,0.0,0.0,-4.0,0.4375,1.0,-0.875,0.93573,-0.28778,0.0462,-0.19867,-0.45557,0.8208,0.51367,3.0,5.0,2.0,-1.0,1.0,-1.0,5.0,-9.0,47.9375,129.5,-89.5625,-0.82861,-0.39154,-0.35284,-0.18884,0.0,0.0,0.0,0.0,0.0,4.0,8.0,8.0,3.0,3.0,6.0,0.0,0.0,0.0,0.0,0.0,0.0,0.0
deaf,-0.04053,-0.58301,0.79199,-2.0,1.0,2.0,5.0,7.0,-1.0,-6.0,2.0,-0.3125,-0.375,-0.75,0.94788,-0.30487,0.05231,-0.07605,-0.15674,0.80176,0.64502,-1.0,-5.0,-2.0,-1.0,-4.0,-3.0,-2.0,-6.0,6.0,-4.0625,-4.1875,-0.28375,-0.06494,-0.41803,-0.8606,-0.03809,-0.57666,0.79834,-1.0,0.0,-1.0,0.0,0.0,-1.0,1.0,0.0,-1.3125,0.75,-3.8125,0.94702,-0.30664,0.04596,-0.08362,-0.63037,0.71924,0.39453,0.0,-12.0,-7.0,-5.0,-4.0,0.0,-1.0,14.0,25.125,122.4375,-64.375,-0.30725,0.1825,-0.54517,-0.75836
deaf,-0.04199,-0.57227,0.80225,-1.0,0.0,-1.0,0.0,-1.0,-1.0,0.0,-1.0,-0.1875,0.0,-0.75,0.90125,-0.27863,0.12195,-0.30865,-0.05566,0.76074,0.66943,-1.0,1.0,0.0,4.0,0.0,0.0,1.0,5.0,0.875,-0.6875,1.75,-0.8371,-0.36584,-0.18848,-0.36066,0.00586,-0.58057,0.8125,1.0,3.0,3.0,9.0,5.0,9.0,5.0,1.0,-0.5625,-4.6875,-10.5625,0.89557,-0.28186,0.11304,-0.32513,0.04785,0.82471,0.70117,-1.0,6.0,3.0,2.0,5.0,0.0,1.0,6.0,2.4375,-2.125,-3.9375,-0.83594,-0.37378,-0.16901,-0.36469
deaf,-0.07031,0.73779,0.71045,-7.0,-4.0,-7.0,-1.0,-2.0,-2.0,-1.0,-9.0,2.3125,1.1875,-1.5625,-0.83624,-0.34637,-0.19647,-0.37714,0.00977,-0.52393,0.8335,0.0,-1.0,-1.0,-2.0,-3.0,0.0,-1.0,-5.0,0.3125,0.1875,-0.125,0.86859,-0.25146,0.11737,-0.41052,-0.47607,0.77783,0.55029,4.0,10.0,8.0,3.0,2.0,-7.0,-24.0,-7.0,42.1875,113.875,-65.3125,-0.79492,-0.31287,-0.41241,-0.31665,0.0,0.0,0.0,0.0,-1.0,-1.0,2.0,4.0,1.0,-1.0,-3.0,0.0,0.0,0.0,0.0,0.0,0.0,0.0
deaf,-0.07324,-0.61133,0.78662,0.0,-4.0,-1.0,-4.0,-2.0,-5.0,-5.0,2.0,-2.1875,0.25,-6.875,0.60577,-0.17413,0.27325,-0.72668,-0.22949,0.87598,0.71582,-18.0,-36.0,-20.0,-14.0,-6.0,-7.0,-9.0,-4.0,6.0625,23.1875,-26.75,-0.45258,-0.28027,0.30847,0.78833,-0.0625,-0.59766,0.76025,2.0,-2.0,-4.0,-6.0,-7.0,-6.0,6.0,5.0,-4.0,5.125,-6.0,0.59082,-0.17914,0.27948,-0.73535,-0.62451,0.58008,0.37695,5.0,2.0,12.0,13.0,8.0,7.0,23.0,17.0,35.0,193.6875,-88.75,-0.33923,-0.60303,0.15332,0.70557
deaf,-0.104,-0.54053,0.81689,-2.0,0.0,2.0,2.0,5.0,3.0,0.0,-1.0,0.5,1.6875,-0.875,0.95496,-0.28473,0.03375,0.07635,-0.22168,0.76758,0.64502,1.0,0.0,-3.0,1.0,1.0,-2.0,-3.0,1.0,3.5625,0.1875,9.625,0.05646,0.13422,-0.39807,-0.90576,-0.08789,-0.5293,0.82568,-1.0,-2.0,-4.0,-6.0,-7.0,-4.0,-1.0,-4.0,2.0,-0.5,-2.9375,0.95697,-0.28143,0.02771,0.06445,-0.72021,0.64307,0.21484,-34.0,-15.0,-4.0,3.0,0.0,1.0,2.0,-19.0,28.125,96.5625,-42.375,0.01031,0.47565,-0.44092,-0.76111
deaf,-0.12158,-0.60889,0.79834,-2.0,-3.0,-1.0,-5.0,-3.0,-4.0,0.0,-27.0,-0.5625,-0.625,-1.625,0.02039,0.0575,0.31799,-0.94617,0.0,0.0,0.0,-4.0,-4.0,6.0,4.0,0.0,-1.0,-6.0,-12.0,0.0,0.0,0.0,0.0,0.0,0.0,0.0,-0.08594,-0.62109,0.79053,0.0,0.0,1.0,3.0,1.0,-1.0,0.0,-4.0,-4.0625,1.9375,-8.25,0.00922,0.04688,0.3255,-0.94434,0.0,0.0,0.0,7.0,0.0,1.0,8.0,6.0,3.0,9.0,8.0,0.0,0.0,0.0,0.0,0.0,0.0,0.0
deaf,-0.12695,0.77539,0.64014,1.0,8.0,3.0,-2.0,0.0,0.0,-2.0,0.0,-0.125,-3.0,7.5,-0.55487,-0.20483,-0.37183,-0.71558,-0.04834,-0.55615,0.81006,-2.0,-3.0,-3.0,-2.0,-1.0,-2.0,0.0,-2.0,-0.625,1.0625,-0.625,0.94409,-0.28461,0.07544,-0.14813,-0.56104,0.73584,0.41553,-11.0,1.0,2.0,-2.0,-4.0,4.0,-21.0,-9.0,42.125,104.75,-75.25,-0.56189,-0.04895,-0.5791,-0.58875,-0.03809,-0.56592,0.80908,0.0,-1.0,-4.0,-7.0,-4.0,3.0,1.0,0.0,-1.375,5.0625,-8.0625,0.93915,-0.29315,0.07629,-0.16205
deaf,-0.14209,-0.59912,0.77979,-1.0,-3.0,-3.0,-3.0,-4.0,-7.0,-5.0,-13.0,-0.875,0.0625,-1.125,0.92639,-0.29724,0.13873,-0.18469,-0.20703,0.82568,0.55908,2.0,-16.0,-4.0,1.0,5.0,4.0,11.0,21.0,4.0,-4.0625,3.75,-0.70166,-0.42944,0.19232,0.53503,-0.12402,-0.60352,0.78076,-9.0,-5.0,-3.0,-7.0,-8.0,-9.0,-18.0,-16.0,-2.0625,0.25,-7.8125,0.92316,-0.30353,0.13232,-0.19537,-0.75293,0.63477,0.21191,5.0,-18.0,-20.0,-15.0,-23.0,-8.0,-4.0,75.0,30.25,138.4375,-59.125,-0.57001,-0.6463,-0.08826,0.49969
deaf,-0.18457,0.81104,0.66455,-13.0,-32.0,-11.0,-10.0,-8.0,0.0,1.0,6.0,4.625,7.125,-1.0,-0.51031,-0.29877,0.29315,0.75128,0.0,0.0,0.0,1.0,-3.0,-5.0,-5.0,-13.0,-3.0,-3.0,-1.0,0.0,0.0,0.0,0.0,0.0,0.0,0.0,-0.68262,0.68262,0.41553,-3.0,13.0,5.0,-2.0,-7.0,-6.0,-9.0,15.0,53.125,178.375,-98.0625,-0.39966,-0.58258,0.13715,0.69427,0.0,0.0,0.0,-5.0,-5.0,-6.0,-2.0,0.0,-7.0,-12.0,-41.0,0.0,0.0,0.0,0.0,0.0,0.0,0.0
deaf,-0.1875,0.72461,0.60498,24.0,19.0,12.0,6.0,-1.0,-3.0,-8.0,-4.0,-29.875,-33.8125,34.1875,-0.57172,-0.33832,0.25684,0.7019,-0.18213,-0.58887,0.77295,-1.0,1.0,0.0,-1.0,4.0,6.0,7.0,8.0,0.9375,0.125,-6.9375,0.79248,-0.20587,0.25458,-0.51453,0.0,0.0,0.0,4.0,-9.0,-14.0,-11.0,2.0,1.0,-1.0,7.0,0.0,0.0,0.0,0.0,0.0,0.0,0.0,-0.17578,-0.59082,0.78418,-1.0,-3.0,-1.0,-5.0,-1.0,5.0,2.0,-4.0,1.0,2.625,-4.1875,0.78741,-0.21155,0.25012,-0.52216
deaf,-0.18896,0.76172,0.60986,8.0,19.0,16.0,16.0,16.0,9.0,3.0,-1.0,-2.4375,-21.0,12.375,-0.56116,-0.33661,0.25977,0.71014,-0.146,-0.58984,0.79297,-1.0,-4.0,-8.0,-8.0,-7.0,0.0,2.0,-4.0,0.4375,-1.25,-2.4375,0.82208,-0.22931,0.22821,-0.46851,-0.65771,0.66211,0.40771,0.0,-1.0,-2.0,-6.0,-10.0,-4.0,-7.0,-9.0,38.4375,166.125,-92.1875,-0.44592,-0.58093,0.11279,0.67151,-0.12744,-0.58496,0.77881,1.0,3.0,4.0,1.0,9.0,6.0,2.0,5.0,-2.0,2.5,-9.75,0.81067,-0.23615,0.22693,-0.48535
deaf,-0.22754,0.80469,0.55322,7.0,-11.0,-15.0,-16.0,-8.0,0.0,5.0,11.0,-2.75,-5.3125,1.125,-0.58392,-0.39996,0.25049,0.66058,0.0,0.0,0.0,0.0,0.0,0.0,0.0,0.0,0.0,0.0,0.0,0.0,0.0,0.0,0.0,0.0,0.0,0.0,0.0,0.0,0.0,-13.0,-37.0,-10.0,-2.0,-5.0,6.0,-2.0,2.0,0.0,0.0,0.0,0.0,0.0,0.0,0.0,-0.13916,-0.62305,0.75,-1.0,1.0,4.0,4.0,6.0,7.0,2.0,-1.0,-2.0,1.0625,-3.5625,0.87903,-0.29272,0.18848,-0.32574
deaf,-0.23535,0.78271,0.58643,-2.0,-2.0,-9.0,-9.0,-4.0,-2.0,-2.0,-1.0,2.625,0.625,-3.4375,-0.55231,-0.37286,0.26105,0.69843,-0.17627,-0.58398,0.7749,-1.0,-1.0,-3.0,-3.0,0.0,3.0,4.0,2.0,1.1875,1.9375,-1.625,0.84711,-0.24225,0.2287,-0.41394,-0.26025,0.92139,0.63818,-7.0,-9.0,-15.0,-10.0,-6.0,-3.0,-14.0,-9.0,19.625,83.125,-64.75,-0.56299,-0.35748,0.26404,0.69678,-0.16699,-0.57324,0.78418,-4.0,-5.0,-4.0,-5.0,-4.0,-2.0,-10.0,-14.0,-4.0625,-2.8125,-2.875,0.8407,-0.2511,0.21533,-0.42871
deaf,-0.2373,0.80176,0.60742,-6.0,2.0,5.0,3.0,-6.0,-4.0,-9.0,-19.0,14.4375,14.1875,-12.5,-0.53363,-0.35052,0.25977,0.72455,-0.09766,-0.57471,0.81201,-3.0,-1.0,-4.0,-7.0,-9.0,-4.0,-4.0,-3.0,-0.6875,3.8125,-2.1875,0.76001,-0.20874,0.22278,-0.57367,0.0,0.0,0.0,-9.0,-26.0,-15.0,-7.0,-2.0,-1.0,-3.0,-25.0,0.0,0.0,0.0,0.0,0.0,0.0,0.0,-0.08545,-0.56299,0.78613,-1.0,1.0,3.0,6.0,5.0,0.0,-5.0,-5.0,-0.875,4.875,-7.0625,0.74963,-0.21265,0.22833,-0.58368
deaf,-0.27393,0.78662,0.6377,4.0,-14.0,-16.0,-7.0,-3.0,-1.0,10.0,16.0,2.6875,6.375,-6.0625,0.21545,0.21411,-0.36847,-0.87866,0.0,0.0,0.0,-3.0,-8.0,-1.0,3.0,0.0,-2.0,-8.0,-6.0,0.0,0.0,0.0,0.0,0.0,0.0,0.0,-0.69678,0.64404,0.16113,-26.0,-15.0,-5.0,-2.0,-9.0,3.0,-7.0,-9.0,25.5625,116.9375,-38.6875,0.15869,0.5882,-0.33032,-0.72095,0.0,0.0,0.0,1.0,-4.0,-4.0,-4.0,-2.0,0.0,-3.0,17.0,0.0,0.0,0.0,0.0,0.0,0.0,0.0
deaf,-0.67139,0.73047,0.43018,-14.0,-15.0,5.0,14.0,4.0,-4.0,-7.0,15.0,59.5,201.875,-98.25,-0.44281,-0.58331,0.12122,0.6701,0.0,0.0,0.0,0.0,-2.0,-3.0,-9.0,-7.0,-4.0,0.0,9.0,0.0,0.0,0.0,0.0,0.0,0.0,0.0,-0.75244,0.56787,-0.12158,0.0,0.0,0.0,0.0,0.0,0.0,0.0,0.0,6.0625,34.6875,-12.75,-0.37738,-0.7674,0.0105,0.51825,0.0,0.0,0.0,0.0,0.0,0.0,-2.0,-5.0,9.0,4.0,8.0,0.0,0.0,0.0,0.0,0.0,0.0,0.0
deaf,0.0,0.0,0.0,1.0,2.0,5.0,5.0,1.0,3.0,6.0,2.0,0.0,0.0,0.0,0.0,0.0,0.0,0.0,-0.05176,0.73633,0.70459,8.0,-3.0,-18.0,-10.0,-1.0,-2.0,0.0,1.0,1.1875,-0.5,-0.4375,-0.87177,-0.35748,-0.15234,-0.29865,0.0,0.0,0.0,-2.0,0.0,-2.0,2.0,2.0,-2.0,-1.0,-2.0,0.0,0.0,0.0,0.0,0.0,0.0,0.0,-0.51611,0.7583,0.52246,-20.0,-12.0,-8.0,-9.0,-20.0,-7.0,-21.0,-21.0,56.25,128.875,-80.4375,-0.82452,-0.34979,-0.39178,-0.21069
deaf,0.00684,-0.56152,0.7998,-1.0,-1.0,0.0,1.0,1.0,-1.0,-3.0,1.0,0.1875,-0.25,-0.9375,0.93414,-0.29388,0.05646,-0.19434,-0.01904,0.75488,0.67139,-14.0,-40.0,-17.0,-7.0,-1.0,3.0,5.0,15.0,-0.9375,-5.5,5.3125,-0.87488,-0.39746,-0.1239,-0.24774,0.02051,-0.55664,0.81787,-3.0,-1.0,-2.0,-3.0,-5.0,-1.0,2.0,3.0,-1.0625,0.0625,-6.0,0.9306,-0.29889,0.04932,-0.20532,0.0,0.0,0.0,-25.0,-24.0,-18.0,-7.0,-5.0,-1.0,6.0,-5.0,0.0,0.0,0.0,0.0,0.0,0.0,0.0
thank_you,-0.02539,0.8252,0.64453,9.0,18.0,14.0,14.0,9.0,6.0,-2.0,-9.0,1.1875,-11.125,-8.125,-0.86658,-0.39099,-0.13562,-0.27899,-0.00586,-0.53174,0.82764,-2.0,-1.0,-3.0,-6.0,-4.0,-9.0,-11.0,-1.0,-1.0625,-0.875,-1.0625,0.93097,-0.26996,0.07056,-0.23535,-0.4624,0.62598,0.5459,-10.0,-10.0,1.0,-3.0,2.0,13.0,2.0,6.0,15.0,117.4375,-30.6875,-0.84186,-0.31543,-0.3949,-0.18958,-0.40527,-0.4873,0.67676,-8.0,-15.0,-21.0,-11.0,-11.0,-12.0,-5.0,-1.0,-23.3125,139.375,18.6875,0.88641,-0.24823,0.33337,-0.20374
thank_you,-0.03223,-0.62695,0.80615,0.0,0.0,0.0,0.0,0.0,0.0,0.0,0.0,1.625,-8.125,20.3125,0.94928,-0.3006,0.04028,-0.0827,-0.10205,0.81689,0.68506,0.0,0.0,0.0,0.0,0.0,0.0,0.0,0.0,-7.4375,-8.625,-56.0625,-0.37366,-0.12897,-0.39105,-0.83124,-0.51123,-0.4834,0.52881,3.0,-6.0,3.0,7.0,-4.0,-12.0,-17.0,3.0,-1.0,119.1875,4.375,0.85956,-0.29541,0.40912,-0.08032,-0.6333,0.59375,0.37109,-14.0,-9.0,4.0,-1.0,4.0,8.0,1.0,-3.0,-14.8125,86.0,0.0625,-0.35596,0.21863,-0.52905,-0.73865
thank_you,-0.04492,-0.64795,0.84473,-2.0,0.0,-6.0,-7.0,-2.0,-5.0,-4.0,1.0,-1.375,-1.125,18.0,0.8067,-0.2384,0.18011,-0.50983,-0.07275,0.86279,0.72852,28.0,13.0,-5.0,-13.0,-5.0,-7.0,-6.0,18.0,-9.6875,-14.125,-60.125,-0.81262,-0.33649,-0.21051,-0.42676,-0.55762,-0.49707,0.5,-1.0,-1.0,-6.0,-16.0,-10.0,-1.0,7.0,-10.0,18.625,123.625,-17.5625,0.69745,-0.04492,0.5047,-0.50671,-0.57666,0.604,0.39844,16.0,36.0,26.0,19.0,20.0,10.0,2.0,8.0,-24.1875,114.0,12.25,-0.72644,-0.14227,-0.54993,-0.38696
thank_you,-0.05029,-0.62305,0.83398,0.0,6.0,3.0,3.0,4.0,3.0,1.0,-10.0,-0.0625,0.6875,25.875,0.91589,-0.27979,0.09998,-0.26996,-0.14258,0.79395,0.68701,2.0,9.0,3.0,4.0,-3.0,-4.0,-7.0,-23.0,-9.1875,3.25,-50.5625,-0.87622,-0.36188,-0.172,-0.26788,-0.37158,-0.51709,0.75879,2.0,1.0,0.0,1.0,1.0,14.0,28.0,8.0,-24.9375,131.8125,17.5625,0.88208,-0.23743,0.31244,-0.2605,-0.4873,0.62061,0.57764,15.0,12.0,2.0,-5.0,-2.0,5.0,7.0,-1.0,12.625,127.5625,-30.5625,-0.84546,-0.2851,-0.39728,-0.2149
thank_you,-0.07275,0.8374,0.68262,-19.0,-4.0,-5.0,-3.0,-4.0,-1.0,-4.0,-7.0,5.0625,-11.3125,-33.75,-0.83209,-0.34552,-0.20697,-0.38147,-0.05859,-0.58936,0.84033,-1.0,-7.0,-5.0,3.0,-5.0,1.0,9.0,1.0,-2.5,3.625,21.0625,0.86505,-0.24927,0.14191,-0.4115,-0.52197,0.60889,0.54004,14.0,-7.0,-11.0,0.0,3.0,-7.0,-11.0,5.0,5.5,111.625,-24.0,-0.81421,-0.24457,-0.43903,-0.29095,0.0,0.0,0.0,-1.0,-13.0,-21.0,-6.0,1.0,-5.0,-5.0,20.0,0.0,0.0,0.0,0.0,0.0,0.0,0.0
thank_you,-0.08398,-0.58447,0.8335,-7.0,9.0,19.0,-2.0,-4.0,-10.0,-9.0,18.0,72.3125,-8.875,54.75,0.94196,-0.2655,0.09857,-0.18018,0.0,0.0,0.0,4.0,7.0,-7.0,3.0,12.0,11.0,7.0,6.0,0.0,0.0,0.0,0.0,0.0,0.0,0.0,-0.54932,-0.45703,0.57227,0.0,3.0,-6.0,-18.0,-13.0,-11.0,-9.0,-16.0,8.125,56.1875,-16.5625,0.85107,-0.16492,0.42804,-0.25531,0.0,0.0,0.0,-13.0,-4.0,4.0,-3.0,4.0,3.0,-4.0,-2.0,0.0,0.0,0.0,0.0,0.0,0.0,0.0
thank_you,-0.09473,-0.63184,0.85205,3.0,12.0,14.0,17.0,21.0,12.0,11.0,2.0,11.375,29.9375,29.875,0.93567,-0.28857,0.08734,-0.18335,-0.17871,0.77148,0.77832,-7.0,-8.0,-9.0,-4.0,14.0,-7.0,11.0,6.0,-23.4375,39.4375,-31.5625,-0.89551,-0.36963,-0.15369,-0.19489,-0.55664,-0.5415,0.47363,0.0,6.0,14.0,-3.0,14.0,22.0,16.0,4.0,-1.0625,95.75,-10.875,0.81873,-0.22028,0.47021,-0.24506,-0.59912,0.65283,0.32617,21.0,16.0,2.0,1.0,2.0,4.0,-3.0,4.0,-14.9375,69.4375,2.5625,-0.78497,-0.26953,-0.50952,-0.22736
thank_you,-0.12256,-0.64844,0.75049,-10.0,-20.0,-9.0,-2.0,-5.0,-10.0,-23.0,-16.0,1.8125,-14.5,16.3125,-0.02124,0.07288,0.32043,-0.94421,-0.16113,0.83203,0.58447,16.0,22.0,4.0,-2.0,-3.0,-2.0,7.0,10.0,-3.0625,-16.6875,-14.3125,-0.31158,-0.07849,-0.43713,-0.84009,-0.4458,-0.44385,0.71387,5.0,-4.0,-11.0,-6.0,2.0,9.0,1.0,16.0,0.3125,145.125,-8.5,0.01221,0.26123,0.27216,-0.92603,-0.43945,0.58105,0.71631,11.0,13.0,-3.0,-3.0,-3.0,3.0,12.0,18.0,-10.375,118.4375,-28.75,-0.40741,0.07263,-0.40247,-0.81659
thank_you,-0.15234,0.85498,0.62109,-23.0,-30.0,-15.0,-1.0,-1.0,2.0,4.0,13.0,-6.3125,-23.25,-19.875,-0.5119,-0.29956,0.31537,0.74078,-0.12207,-0.6123,0.86182,-2.0,-6.0,-3.0,-7.0,-1.0,1.0,-3.0,6.0,28.0625,-25.0625,30.3125,0.79126,-0.20758,0.22107,-0.53094,-0.51123,0.55029,0.47021,-41.0,-31.0,-12.0,-8.0,-10.0,-8.0,-5.0,-17.0,-5.75,140.125,-6.9375,-0.49005,-0.54041,0.07892,0.67938,0.0,0.0,0.0,-3.0,6.0,-7.0,7.0,-2.0,-10.0,-4.0,17.0,0.0,0.0,0.0,0.0,0.0,0.0,0.0
thank_you,-0.15527,0.82129,0.65039,3.0,3.0,5.0,1.0,-1.0,5.0,5.0,4.0,-5.0,-30.8125,-36.1875,-0.54211,-0.32098,0.26648,0.72943,-0.19873,-0.63965,0.84326,2.0,-12.0,-19.0,10.0,24.0,30.0,12.0,-1.0,1.0625,-7.75,22.8125,0.83026,-0.22522,0.23969,-0.44995,-0.53174,0.55566,0.56152,-9.0,-7.0,-8.0,6.0,6.0,-6.0,-3.0,-10.0,0.875,135.6875,-22.9375,-0.49835,-0.4906,0.10278,0.7074,-0.53369,-0.47803,0.53857,-4.0,-18.0,-23.0,-11.0,0.0,1.0,13.0,0.0,-2.25,127.125,-11.6875,0.74249,-0.09424,0.49219,-0.44446
thank_you,-0.15625,0.82227,0.62646,-2.0,-21.0,-14.0,-2.0,3.0,3.0,-2.0,8.0,-29.8125,-35.8125,-59.0,-0.53528,-0.33923,0.27356,0.72357,-0.14209,-0.61816,0.86816,8.0,20.0,5.0,-11.0,-14.0,-19.0,-9.0,10.0,8.0,4.25,41.1875,0.86316,-0.24231,0.21094,-0.38959,-0.55615,0.56738,0.42676,-2.0,-13.0,-1.0,-1.0,-2.0,-5.0,11.0,7.0,-4.1875,128.9375,20.3125,-0.51208,-0.54767,0.04346,0.66028,-0.64404,-0.44238,0.47412,-4.0,17.0,24.0,16.0,16.0,9.0,0.0,-10.0,9.875,113.0,-28.8125,0.75201,-0.06183,0.5072,-0.41632
thank_you,-0.18896,0.73877,0.69629,18.0,14.0,11.0,3.0,2.0,16.0,4.0,8.0,-1.0,-16.625,-41.4375,0.12048,0.15509,-0.37787,-0.90485,-0.16748,-0.55273,0.82813,3.0,2.0,1.0,13.0,4.0,-6.0,-3.0,12.0,5.5625,-18.3125,27.8125,0.93982,-0.30499,0.05493,0.14355,-0.66357,0.65234,0.26123,-57.0,-32.0,-10.0,-6.0,-4.0,2.0,10.0,1.0,2.0,-15.375,-2.875,0.14716,0.48871,-0.2912,-0.80914,-0.65186,-0.54492,0.40918,1.0,-13.0,-15.0,-1.0,-5.0,-6.0,-4.0,1.0,9.3125,46.9375,-5.6875,0.84241,-0.3493,0.4082,0.04108
thank_you,-0.19385,-0.65625,0.90674,-2.0,20.0,17.0,-1.0,4.0,0.0,-15.0,-12.0,-0.1875,33.0,45.3125,0.62512,-0.15289,0.27063,-0.71594,-0.18018,0.85352,0.68652,15.0,26.0,10.0,10.0,20.0,26.0,18.0,-1.0,1.5625,4.75,-52.8125,-0.39734,-0.25293,0.32581,0.81976,-0.52588,-0.43994,0.42627,-7.0,4.0,19.0,12.0,13.0,19.0,13.0,5.0,31.875,123.5,-31.8125,0.47803,0.15948,0.50366,-0.70166,-0.52393,0.51221,0.42139,-13.0,-23.0,-18.0,-25.0,-9.0,1.0,3.0,-4.0,-41.0,139.6875,26.6875,-0.40509,-0.5614,0.10986,0.71326
thank_you,-0.19629,0.91895,0.60596,-2.0,8.0,-1.0,-3.0,6.0,-2.0,-4.0,11.0,-8.5625,-26.375,-39.375,-0.53552,-0.32526,0.28619,0.72491,-0.2002,-0.69482,0.83984,1.0,18.0,11.0,3.0,8.0,4.0,15.0,-15.0,4.1875,9.4375,48.625,0.79108,-0.22675,0.24048,-0.51477,-0.55127,0.5293,0.41211,4.0,-3.0,0.0,0.0,4.0,13.0,-2.0,8.0,-22.125,168.9375,7.8125,-0.49518,-0.56091,0.04407,0.66199,-0.54932,-0.43848,0.42725,-2.0,-4.0,-6.0,-12.0,-11.0,-17.0,-11.0,-11.0,16.6875,151.25,-19.9375,0.66663,0.00244,0.54028,-0.51349
thank_you,-0.21631,0.82227,0.69287,-11.0,-21.0,-6.0,-3.0,-3.0,2.0,-12.0,0.0,-13.6875,15.75,-66.3125,-0.46344,-0.29193,0.29596,0.78253,-0.20947,-0.65576,0.86719,-1.0,-4.0,-4.0,1.0,7.0,4.0,9.0,7.0,-10.0625,30.5625,44.125,0.71271,-0.1723,0.27222,-0.62311,-0.49609,0.58398,0.38672,10.0,1.0,-10.0,-17.0,-4.0,1.0,-2.0,3.0,-32.75,128.4375,27.875,-0.46521,-0.56738,0.08942,0.67358,0.0,0.0,0.0,-6.0,-5.0,1.0,3.0,2.0,0.0,5.0,-30.0,0.0,0.0,0.0,0.0,0.0,0.0,0.0
thank_you,-0.23975,0.74707,0.67578,41.0,22.0,10.0,-5.0,-3.0,-3.0,-13.0,13.0,-40.625,-14.9375,-38.9375,-0.55212,-0.37231,0.23724,0.70728,-0.20801,-0.56055,0.79346,-5.0,-12.0,-8.0,7.0,8.0,-2.0,-12.0,-7.0,28.75,-13.1875,65.5625,0.88593,-0.263,0.23096,-0.30432,-0.56641,0.62012,0.44971,-17.0,-15.0,14.0,12.0,7.0,-6.0,-7.0,-1.0,-9.625,109.25,6.125,-0.57166,-0.52869,0.01105,0.62738,-0.64209,-0.4873,0.41309,6.0,12.0,21.0,20.0,26.0,20.0,19.0,32.0,15.3125,64.6875,-13.3125,0.77448,-0.10455,0.50482,-0.36664
thank_you,0.0,0.0,0.0,-1.0,-1.0,1.0,1.0,-5.0,-8.0,0.0,0.0,0.0,0.0,0.0,0.0,0.0,0.0,0.0,-0.13574,0.81689,0.62744,0.0,1.0,-4.0,-9.0,-7.0,-3.0,-1.0,-4.0,32.4375,8.875,-5.4375,0.01575,0.08533,-0.42615,-0.90051,-0.53711,-0.52539,0.66504,-2.0,17.0,20.0,-3.0,-1.0,5.0,12.0,-3.0,18.9375,104.25,12.0625,0.90765,-0.32507,0.25873,0.05908,-0.59082,0.67676,0.41357,-8.0,15.0,10.0,14.0,7.0,10.0,9.0,9.0,-13.125,104.5,-22.125,-0.05414,0.33722,-0.42438,-0.83862
thank_you,0.0,0.0,0.0,-29.0,-33.0,-26.0,-11.0,4.0,-6.0,0.0,-16.0,0.0,0.0,0.0,0.0,0.0,0.0,0.0,-0.16309,-0.66797,0.87305,-5.0,-1.0,16.0,0.0,-1.0,1.0,4.0,-8.0,-6.1875,13.0625,44.25,0.72961,-0.18903,0.24939,-0.60803,0.0,0.0,0.0,11.0,2.0,5.0,2.0,2.0,-4.0,0.0,-1.0,0.0,0.0,0.0,0.0,0.0,0.0,0.0,-0.61865,-0.50781,0.35596,0.0,15.0,-1.0,-12.0,-4.0,2.0,4.0,-1.0,16.125,75.0625,-22.25,0.56689,0.09375,0.54919,-0.60675
thank_you,0.0,0.0,0.0,-3.0,10.0,8.0,8.0,3.0,0.0,3.0,7.0,0.0,0.0,0.0,0.0,0.0,0.0,0.0,-0.12451,-0.61377,0.81885,-4.0,-13.0,-11.0,-10.0,-7.0,-5.0,-1.0,-4.0,-3.125,-3.375,21.625,0.93915,-0.28827,0.10199,-0.15656,-0.61963,0.63574,0.35156,2.0,13.0,5.0,-8.0,0.0,-2.0,-9.0,-22.0,-21.5,89.8125,13.6875,-0.55261,0.03131,-0.58417,-0.59369,0.0,0.0,0.0,0.0,-3.0,-11.0,-13.0,-21.0,-21.0,-3.0,-6.0,0.0,0.0,0.0,0.0,0.0,0.0,0.0
thank_you,0.0,0.0,0.0,-6.0,-15.0,-6.0,-2.0,2.0,2.0,4.0,-10.0,0.0,0.0,0.0,0.0,0.0,0.0,0.0,-0.15137,0.80859,0.68555,2.0,-5.0,-5.0,-4.0,6.0,7.0,3.0,6.0,-6.8125,6.5625,-44.1875,-0.86017,-0.36127,-0.18994,-0.30603,-0.47266,-0.50391,0.64746,2.0,14.0,35.0,33.0,29.0,23.0,9.0,28.0,-17.75,131.1875,13.5,0.83539,-0.18512,0.396,-0.33313,-0.55762,0.6123,0.47168,-3.0,-10.0,-11.0,-12.0,-7.0,-5.0,-3.0,-2.0,-4.1875,107.625,-5.5,-0.79974,-0.24469,-0.47565,-0.27283
to_be_better,-0.02197,-0.60791,0.78174,0.0,4.0,6.0,3.0,9.0,5.0,-5.0,-4.0,0.0,5.6875,-2.0625,0.94391,-0.30676,0.05353,-0.10962,0.0,0.0,0.0,-6.0,10.0,5.0,7.0,1.0,-1.0,-1.0,-4.0,0.0,0.0,0.0,0.0,0.0,0.0,0.0,-0.60254,-0.51855,0.44238,2.0,1.0,1.0,-6.0,3.0,11.0,9.0,3.0,-5.625,151.25,0.5,0.81555,-0.2937,0.48279,-0.12415,-0.55225,0.67969,0.23096,28.0,24.0,-15.0,-9.0,0.0,1.0,-1.0,1.0,5.25,115.0,-8.5625,-0.22211,0.29425,-0.56006,-0.74194
to_be_better,-0.04736,-0.56885,0.79834,0.0,0.0,0.0,0.0,0.0,0.0,0.0,0.0,-3.0625,3.1875,-0.875,0.91107,-0.28577,0.12469,-0.26959,0.0,0.0,0.0,0.0,0.0,0.0,0.0,0.0,0.0,0.0,0.0,0.0,0.0,0.0,0.0,0.0,0.0,0.0,-0.32813,-0.68115,0.67334,4.0,-10.0,-3.0,12.0,13.0,12.0,19.0,12.0,-38.9375,39.9375,54.5625,0.87036,-0.30872,0.27155,-0.27081,-0.35303,0.74316,0.46191,-6.0,-4.0,5.0,13.0,35.0,15.0,6.0,72.0,35.4375,-3.125,-94.0,-0.82733,-0.40656,-0.32318,-0.21411
to_be_better,-0.06348,-0.58643,0.79639,-2.0,-3.0,-4.0,-3.0,-9.0,-3.0,0.0,1.0,-2.0,3.0625,-3.0,0.88672,-0.27881,0.14697,-0.33826,-0.13525,0.73877,0.68018,8.0,9.0,-2.0,-5.0,-2.0,-1.0,0.0,-2.0,3.5625,6.125,5.125,-0.8573,-0.34558,-0.20752,-0.32031,-0.24609,-0.7002,0.57129,17.0,7.0,1.0,5.0,7.0,5.0,14.0,-12.0,-18.875,43.125,66.875,0.85168,-0.28564,0.25885,-0.35504,-0.33154,0.70215,0.50439,14.0,-6.0,-10.0,-5.0,-4.0,1.0,30.0,47.0,18.8125,-2.75,-95.625,-0.8316,-0.36523,-0.32208,-0.26721
to_be_better,-0.10693,0.75342,0.64209,5.0,-9.0,2.0,4.0,3.0,4.0,10.0,37.0,4.875,16.0625,16.125,-0.83716,-0.34753,-0.2229,-0.35883,-0.09082,-0.59082,0.7959,-5.0,-10.0,-13.0,-14.0,-23.0,-21.0,-19.0,-15.0,-2.3125,12.0625,-13.375,0.86322,-0.25635,0.17224,-0.39935,-0.45557,0.67139,0.51855,13.0,14.0,8.0,6.0,1.0,-1.0,-1.0,10.0,1.6875,11.625,-41.625,-0.82965,-0.32654,-0.38226,-0.24304,0.0,0.0,0.0,8.0,7.0,3.0,14.0,16.0,7.0,-17.0,-9.0,0.0,0.0,0.0,0.0,0.0,0.0,0.0
to_be_better,-0.21582,0.86572,0.53418,2.0,4.0,1.0,-10.0,-7.0,1.0,1.0,37.0,15.125,26.0625,-6.9375,-0.52771,-0.37854,0.30127,0.69818,-0.18652,-0.7124,0.7251,10.0,11.0,-24.0,-10.0,-5.0,-12.0,-7.0,16.0,-34.1875,27.6875,-20.6875,0.71173,-0.22205,0.31,-0.58997,-0.34717,0.71436,0.42285,60.0,25.0,2.0,-2.0,-7.0,-6.0,2.0,55.0,-23.3125,-39.1875,-37.4375,-0.43646,-0.45422,0.2738,0.72675,-0.27881,-0.44629,0.54639,-14.0,-10.0,-16.0,-31.0,-34.0,-40.0,-20.0,16.0,19.0625,-89.9375,59.25,0.7525,-0.15356,0.40741,-0.49408
to_be_better,-0.21631,0.76855,0.59082,-16.0,-11.0,-4.0,0.0,-8.0,-13.0,1.0,-14.0,21.6875,26.8125,2.875,-0.54065,-0.3822,0.26331,0.7016,-0.30664,-0.7251,0.7417,-36.0,-4.0,-7.0,8.0,5.0,-10.0,-28.0,-36.0,-11.375,36.0625,13.25,0.79993,-0.21521,0.29291,-0.47748,0.0,0.0,0.0,-1.0,7.0,-2.0,-7.0,-3.0,0.0,-11.0,11.0,0.0,0.0,0.0,0.0,0.0,0.0,0.0,-0.49658,-0.49805,0.68359,16.0,3.0,4.0,1.0,-17.0,-3.0,23.0,38.0,38.9375,14.25,-31.6875,0.8183,-0.11987,0.37793,-0.41608
to_be_better,-0.22119,-0.66309,0.71289,19.0,45.0,12.0,-1.0,-2.0,1.0,11.0,38.0,-43.5625,23.0625,-24.375,-0.02179,0.11206,0.34442,-0.93188,-0.19238,0.83838,0.55225,-4.0,-7.0,-4.0,-1.0,0.0,-5.0,-6.0,-4.0,11.4375,4.8125,-0.9375,-0.3194,-0.07092,-0.47339,-0.81787,-0.22559,-0.45508,0.86768,4.0,8.0,15.0,20.0,11.0,-12.0,-26.0,14.0,67.1875,-9.375,-29.3125,0.05908,0.11865,0.28796,-0.94843,-0.26855,0.66699,0.74072,-2.0,-1.0,-19.0,-10.0,-6.0,-2.0,5.0,-15.0,-58.9375,0.5,23.375,-0.40668,-0.03534,-0.41284,-0.81427
to_be_better,-0.25439,0.83984,0.61572,13.0,7.0,-4.0,-4.0,-7.0,-3.0,0.0,16.0,11.375,14.0625,-8.75,-0.54456,-0.35095,0.26672,0.71356,-0.2832,-0.72998,0.771,17.0,-10.0,-9.0,-12.0,-3.0,6.0,22.0,36.0,-20.1875,26.3125,4.5625,0.76392,-0.20813,0.284,-0.54083,-0.29639,0.62598,0.73975,-27.0,-2.0,21.0,8.0,1.0,0.0,0.0,-3.0,-71.25,5.625,38.1875,-0.4892,-0.36035,0.21539,0.76447,-0.24951,-0.48926,0.79102,10.0,11.0,14.0,26.0,43.0,85.0,75.0,36.0,38.625,11.875,-37.125,0.81097,-0.15961,0.28259,-0.48676
to_be_better,-0.26904,0.86377,0.54834,-15.0,-13.0,1.0,3.0,17.0,-7.0,0.0,-10.0,-4.75,3.0625,-27.75,-0.49274,-0.36182,0.29767,0.73328,-0.29883,-0.66357,0.76123,-3.0,-5.0,-10.0,-3.0,-2.0,-3.0,-3.0,24.0,-12.125,10.4375,28.625,0.70605,-0.16022,0.31006,-0.61615,-0.28711,0.68994,0.70801,63.0,74.0,32.0,12.0,-2.0,5.0,16.0,34.0,-72.0,47.1875,75.1875,-0.48822,-0.36505,0.21759,0.76227,-0.26172,-0.46826,0.79004,-2.0,-3.0,-15.0,-21.0,-32.0,-30.0,5.0,-16.0,29.375,43.0625,-83.8125,0.71588,-0.08978,0.31104,-0.61865
to_be_better,-0.29053,0.89648,0.59473,2.0,-5.0,-7.0,-7.0,-21.0,-19.0,-12.0,-4.0,30.125,28.75,-35.5625,-0.58789,-0.19104,-0.40674,-0.67273,-0.15625,-0.7168,0.7666,7.0,-19.0,-8.0,-8.0,-9.0,4.0,7.0,8.0,-27.0,30.5,11.0625,0.91754,-0.31079,0.14337,-0.20233,-0.42139,0.66211,0.52295,-36.0,-27.0,-15.0,15.0,45.0,6.0,-1.0,-3.0,-15.25,25.625,32.6875,-0.59985,-0.06287,-0.48364,-0.63434,0.0,0.0,0.0,-2.0,-2.0,-3.0,-5.0,-5.0,-33.0,-55.0,-15.0,0.0,0.0,0.0,0.0,0.0,0.0,0.0
to_be_better,-0.30615,0.80273,0.60791,-1.0,0.0,7.0,5.0,7.0,-2.0,-9.0,-16.0,4.3125,17.5625,-25.6875,-0.47791,-0.3418,0.28125,0.75873,-0.28662,-0.69922,0.80615,-12.0,-22.0,-2.0,6.0,4.0,0.0,-6.0,-10.0,-21.25,42.1875,14.625,0.68011,-0.15167,0.30566,-0.6488,0.0,0.0,0.0,15.0,-1.0,-20.0,-16.0,-7.0,-7.0,-7.0,-11.0,0.0,0.0,0.0,0.0,0.0,0.0,0.0,-0.31787,-0.47363,0.76807,-5.0,1.0,6.0,1.0,7.0,8.0,-11.0,-3.0,50.3125,23.5,-47.4375,0.74792,-0.08429,0.32391,-0.57318
to_be_better,-0.34229,0.83594,0.52441,4.0,7.0,2.0,3.0,3.0,-5.0,-3.0,13.0,22.9375,35.8125,-33.25,0.17883,0.24768,-0.40747,-0.8606,-0.22949,-0.66357,0.7749,3.0,-21.0,-8.0,-2.0,10.0,10.0,15.0,22.0,-24.4375,18.9375,3.125,0.93152,-0.33789,0.06635,0.1167,-0.42139,0.63965,0.62402,8.0,19.0,18.0,10.0,10.0,4.0,-3.0,-1.0,-54.3125,55.25,41.5625,0.12103,0.30725,-0.32745,-0.88531,-0.40088,-0.56445,0.69141,-4.0,-4.0,-10.0,-11.0,-1.0,24.0,39.0,-25.0,44.6875,41.125,-43.75,0.90717,-0.34448,0.18701,0.15277
to_be_better,-0.38037,0.76611,0.49561,20.0,7.0,-1.0,-7.0,-4.0,-4.0,18.0,27.0,-2.25,-7.9375,-57.375,-0.4873,-0.43256,0.2395,0.71979,-0.32861,-0.64014,0.7124,7.0,-10.0,-7.0,-6.0,-5.0,1.0,-1.0,56.0,-0.75,4.25,65.0625,0.83972,-0.24597,0.30804,-0.37354,0.0,0.0,0.0,-43.0,-19.0,-14.0,-3.0,-8.0,-4.0,-4.0,-5.0,0.0,0.0,0.0,0.0,0.0,0.0,0.0,-0.24365,-0.51367,0.79883,-16.0,-10.0,-9.0,-12.0,-10.0,-4.0,-3.0,-21.0,32.125,14.875,-42.0625,0.86334,-0.1712,0.24579,-0.40601
to_be_better,-0.48535,0.78418,0.42822,28.0,9.0,-7.0,-5.0,-5.0,-3.0,-13.0,-13.0,-12.0625,-23.8125,-36.6875,-0.49725,-0.47083,0.20801,0.69843,-0.37109,-0.59033,0.66211,-13.0,-29.0,-21.0,-18.0,-10.0,-8.0,-14.0,7.0,13.6875,-18.625,33.8125,0.8902,-0.25836,0.27545,-0.25458,0.0,0.0,0.0,89.0,100.0,46.0,21.0,14.0,13.0,17.0,18.0,0.0,0.0,0.0,0.0,0.0,0.0,0.0,-0.38184,-0.61523,0.63184,1.0,17.0,21.0,12.0,16.0,41.0,38.0,-1.0,64.125,-30.25,-50.625,0.89185,-0.19611,0.20557,-0.35193
to_be_better,0.0,0.0,0.0,-4.0,-17.0,-18.0,-14.0,-8.0,0.0,9.0,54.0,0.0,0.0,0.0,0.0,0.0,0.0,0.0,-0.1958,0.86719,0.57324,-16.0,-3.0,1.0,3.0,-7.0,-1.0,-25.0,-15.0,-17.75,-10.5,-36.875,-0.69501,-0.40918,0.17902,0.56348,-0.19141,-0.45459,0.88135,7.0,0.0,-1.0,9.0,8.0,18.0,2.0,19.0,39.4375,-1.5,-36.5,0.95514,-0.21057,0.12836,-0.16406,-0.12939,0.63965,0.80518,-5.0,-12.0,-7.0,-1.0,-6.0,-5.0,-2.0,-16.0,-27.75,11.25,52.25,-0.73694,-0.31995,0.13428,0.58014
to_be_better,0.0,0.0,0.0,-4.0,-5.0,3.0,5.0,4.0,-4.0,-10.0,-10.0,0.0,0.0,0.0,0.0,0.0,0.0,0.0,0.0,0.0,0.0,10.0,12.0,3.0,4.0,1.0,5.0,12.0,2.0,0.0,0.0,0.0,0.0,0.0,0.0,0.0,-0.49512,-0.52734,0.59277,5.0,1.0,-6.0,-1.0,0.0,7.0,15.0,32.0,-16.5,-0.25,35.8125,0.89471,-0.35742,0.23737,0.12378,-0.54346,0.6665,0.43555,7.0,-1.0,-18.0,-12.0,-20.0,-7.0,-8.0,-13.0,9.9375,-11.75,-43.6875,-0.12012,0.26263,-0.46838,-0.83502
to_be_better,0.0,0.0,0.0,-5.0,-4.0,-2.0,-4.0,-3.0,-1.0,-6.0,-8.0,0.0,0.0,0.0,0.0,0.0,0.0,0.0,-0.02295,0.80615,0.62891,-11.0,-22.0,-23.0,-20.0,-14.0,-4.0,-3.0,0.0,14.75,12.375,3.125,-0.86536,-0.4126,-0.12921,-0.25354,0.0,0.0,0.0,-3.0,2.0,11.0,11.0,11.0,3.0,-8.0,-1.0,0.0,0.0,0.0,0.0,0.0,0.0,0.0,-0.3584,0.73779,0.53174,4.0,4.0,-2.0,-5.0,-10.0,-4.0,-5.0,1.0,1.9375,48.6875,-60.25,-0.86176,-0.39655,-0.28394,-0.1402
to_be_better,0.0,0.0,0.0,0.0,0.0,0.0,0.0,0.0,0.0,0.0,0.0,0.0,0.0,0.0,0.0,0.0,0.0,0.0,0.0,0.0,0.0,1.0,-1.0,-1.0,-6.0,-1.0,5.0,2.0,-2.0,0.0,0.0,0.0,0.0,0.0,0.0,0.0,-0.35205,0.69971,0.65674,16.0,15.0,4.0,-2.0,0.0,0.0,-7.0,-2.0,-14.5625,25.0,-27.5625,-0.86932,-0.38098,-0.28198,-0.14026,-0.31494,-0.63916,0.68896,-4.0,-5.0,-2.0,1.0,-2.0,-13.0,-28.0,-19.0,-30.6875,47.3125,85.875,0.896,-0.30896,0.25458,-0.19202
to_be_better,0.0,0.0,0.0,11.0,0.0,-1.0,-25.0,-23.0,-7.0,-7.0,44.0,0.0,0.0,0.0,0.0,0.0,0.0,0.0,-0.21973,0.76514,0.60889,-7.0,-1.0,13.0,18.0,38.0,3.0,4.0,-7.0,11.6875,15.75,0.0625,-0.4425,-0.32281,0.3075,0.77808,0.0,0.0,0.0,21.0,-1.0,-2.0,2.0,3.0,-1.0,-7.0,36.0,0.0,0.0,0.0,0.0,0.0,0.0,0.0,-0.45068,0.69092,0.15625,5.0,-3.0,-10.0,0.0,6.0,5.0,0.0,-30.0,-27.875,-50.4375,-165.375,-0.39362,-0.39862,0.29315,0.77472
to_be_better,0.0,0.0,0.0,7.0,2.0,14.0,2.0,-1.0,2.0,9.0,-11.0,0.0,0.0,0.0,0.0,0.0,0.0,0.0,0.0,0.0,0.0,8.0,3.0,-1.0,-5.0,1.0,-1.0,7.0,17.0,0.0,0.0,0.0,0.0,0.0,0.0,0.0,-0.13232,-0.51123,0.80127,-8.0,-14.0,-20.0,-23.0,-26.0,-11.0,-18.0,3.0,42.625,-48.375,-5.5625,0.83148,-0.21362,0.26282,-0.44043,-0.24609,0.62207,0.63965,-39.0,-32.0,-17.0,-4.0,-3.0,-5.0,-6.0,-5.0,-47.5,-44.5,33.9375,-0.83759,-0.31854,-0.32349,-0.30408
want,-0.03467,-0.57031,0.80127,3.0,3.0,4.0,7.0,7.0,8.0,1.0,6.0,-0.3125,-0.75,0.0625,0.89691,-0.28186,0.12115,-0.31842,-0.09229,0.76367,0.66211,-3.0,0.0,-2.0,-3.0,-2.0,-3.0,-2.0,-3.0,-0.8125,-4.875,4.3125,-0.84247,-0.35791,-0.19397,-0.35297,0.0,0.0,0.0,0.0,0.0,0.0,0.0,0.0,0.0,0.0,0.0,0.0,0.0,0.0,0.0,0.0,0.0,0.0,0.0,0.0,0.0,-57.0,-31.0,-3.0,3.0,1.0,-5.0,-14.0,-42.0,0.0,0.0,0.0,0.0,0.0,0.0,0.0
want,-0.03662,-0.5752,0.80176,-1.0,3.0,10.0,7.0,13.0,2.0,0.0,0.0,-1.0,-5.0625,0.4375,0.95032,-0.297,0.04688,-0.08008,-0.15674,0.90674,0.62451,-21.0,-24.0,-15.0,-6.0,-2.0,-1.0,-5.0,-5.0,14.0,-3.125,-14.625,-0.23944,-0.06708,-0.41962,-0.87305,-0.00684,-0.56738,0.80859,-1.0,1.0,3.0,6.0,8.0,4.0,-2.0,0.0,-0.1875,0.3125,-9.5625,0.94824,-0.30286,0.03168,-0.08972,-0.34961,0.75293,0.49365,-28.0,-21.0,-16.0,-18.0,-7.0,0.0,1.0,-5.0,35.25,130.375,-18.4375,-0.19214,0.14105,-0.5246,-0.81738
want,-0.04639,-0.53564,0.83154,-1.0,-1.0,-1.0,0.0,3.0,4.0,0.0,0.0,-1.1875,0.8125,-0.9375,0.83429,-0.2323,0.15918,-0.47394,-0.08398,0.7417,0.66895,-18.0,-18.0,-10.0,-5.0,-4.0,-4.0,-4.0,-6.0,-2.5625,-0.875,0.25,-0.82043,-0.33911,-0.21582,-0.4068,-0.03125,-0.54492,0.8374,0.0,-1.0,-2.0,-6.0,-7.0,-2.0,1.0,-2.0,-2.125,-1.0,-9.9375,0.82794,-0.24036,0.15344,-0.48291,-0.27051,0.76416,0.73145,-7.0,-2.0,7.0,6.0,2.0,0.0,-1.0,7.0,45.1875,113.125,-26.9375,-0.7937,-0.29944,-0.33557,-0.40979
want,-0.11279,-0.60547,0.7832,1.0,-1.0,0.0,2.0,1.0,-1.0,0.0,1.0,-2.3125,-2.1875,-9.5,0.62006,-0.17102,0.27612,-0.71417,-0.12695,0.7959,0.63281,1.0,2.0,-15.0,-9.0,-4.0,-3.0,-1.0,-29.0,-24.875,-6.25,-0.3125,-0.48041,-0.28113,0.31415,0.76904,-0.06641,-0.59814,0.7793,0.0,-2.0,-1.0,0.0,4.0,-6.0,-6.0,0.0,-2.6875,1.0625,-13.0,0.60321,-0.18219,0.27502,-0.72614,0.0,0.0,0.0,-36.0,-24.0,-7.0,-2.0,-5.0,-2.0,-6.0,-8.0,0.0,0.0,0.0,0.0,0.0,0.0,0.0
want,-0.11426,-0.52588,0.81104,0.0,0.0,0.0,0.0,0.0,0.0,0.0,0.0,0.5,-3.6875,0.0,0.95435,-0.28497,0.03931,0.08051,-0.20654,0.75244,0.64551,4.0,11.0,-2.0,-3.0,1.0,1.0,2.0,17.0,2.0625,-18.5625,10.0,0.05511,0.12946,-0.39703,-0.90698,-0.06543,-0.52344,0.84521,-1.0,-3.0,-3.0,-2.0,-3.0,-5.0,-1.0,-2.0,0.3125,-2.8125,-9.375,0.95892,-0.27399,0.00848,0.07269,-0.39307,0.75781,0.57324,11.0,6.0,0.0,-4.0,-6.0,-5.0,-1.0,2.0,28.1875,113.0,-17.1875,0.07892,0.27887,-0.41211,-0.86383
want,-0.13428,-0.59473,0.79492,-3.0,-3.0,-3.0,-4.0,-6.0,-7.0,-12.0,-8.0,-0.625,-2.5625,-2.4375,0.02594,0.06238,0.3139,-0.94708,-0.19678,0.93262,0.56885,7.0,14.0,14.0,2.0,0.0,1.0,1.0,-1.0,-13.25,4.75,-18.75,-0.30945,-0.08295,-0.4679,-0.82373,0.0,0.0,0.0,-3.0,-3.0,-3.0,-6.0,-3.0,-1.0,0.0,-3.0,0.0,0.0,0.0,0.0,0.0,0.0,0.0,-0.49805,0.74023,0.47314,-9.0,0.0,13.0,12.0,10.0,2.0,-4.0,-3.0,17.5625,140.3125,-8.625,-0.2666,0.14484,-0.51904,-0.79913
want,-0.14502,0.78955,0.64941,2.0,3.0,-2.0,6.0,3.0,1.0,0.0,-1.0,6.5,-4.6875,-0.75,-0.5321,-0.18738,-0.36615,-0.74011,0.0,0.0,0.0,0.0,1.0,-1.0,-2.0,0.0,0.0,-1.0,-1.0,0.0,0.0,0.0,0.0,0.0,0.0,0.0,-0.4165,0.80469,0.57666,-29.0,-26.0,2.0,-3.0,-7.0,-5.0,-12.0,-28.0,45.9375,113.5,-22.625,-0.50989,-0.05359,-0.49927,-0.69855,0.0,0.0,0.0,-1.0,-3.0,-2.0,0.0,1.0,0.0,-1.0,-1.0,0.0,0.0,0.0,0.0,0.0,0.0,0.0
want,-0.15234,-0.58447,0.78662,2.0,-2.0,-2.0,-2.0,0.0,-1.0,3.0,18.0,-0.75,-2.0,-1.25,0.93347,-0.29437,0.13239,-0.15613,0.0,0.0,0.0,11.0,8.0,8.0,7.0,2.0,2.0,4.0,28.0,0.0,0.0,0.0,0.0,0.0,0.0,0.0,-0.13672,-0.57422,0.7915,1.0,1.0,5.0,9.0,3.0,5.0,1.0,11.0,0.75,-1.9375,-8.5625,0.93207,-0.29645,0.1239,-0.16711,-0.50732,0.73682,0.46875,-10.0,-4.0,4.0,-1.0,-7.0,-5.0,2.0,-8.0,13.0625,148.1875,-0.0625,-0.70007,-0.53595,-0.01752,0.47162
want,-0.1543,0.77979,0.67627,-9.0,3.0,1.0,1.0,4.0,1.0,0.0,-3.0,9.4375,10.125,-10.5,-0.55237,-0.30426,0.27472,0.72583,-0.10059,-0.56543,0.83154,-1.0,-2.0,-4.0,-7.0,-7.0,-7.0,4.0,-3.0,0.8125,-0.5,1.0625,0.76746,-0.20477,0.21521,-0.56812,-0.42627,0.73584,0.59814,6.0,-4.0,-15.0,-6.0,-2.0,-1.0,-2.0,-2.0,39.625,161.9375,-34.5625,-0.5199,-0.48267,0.18298,0.68066,-0.08691,-0.54395,0.81982,3.0,0.0,-3.0,1.0,-2.0,0.0,1.0,2.0,-1.6875,0.875,-7.5,0.76025,-0.21008,0.21686,-0.5752
want,-0.22607,0.79053,0.64209,16.0,6.0,4.0,6.0,4.0,2.0,7.0,33.0,3.4375,0.0625,6.4375,-0.54413,-0.31934,0.27069,0.72711,-0.14307,-0.53857,0.82227,-2.0,-2.0,-2.0,2.0,2.0,-1.0,-3.0,-2.0,-1.75,-1.25,2.3125,0.75348,-0.18365,0.23499,-0.58594,0.0,0.0,0.0,36.0,-16.0,-15.0,-12.0,-11.0,-6.0,4.0,25.0,0.0,0.0,0.0,0.0,0.0,0.0,0.0,-0.07666,-0.54053,0.82813,-3.0,-4.0,-7.0,-1.0,-3.0,-1.0,-2.0,-1.0,5.0,-5.625,-18.5,0.73907,-0.19012,0.21588,-0.60907
want,-0.26172,0.83203,0.60693,10.0,-5.0,-8.0,-6.0,1.0,1.0,7.0,29.0,1.25,-1.5,-2.0625,-0.55469,-0.35278,0.26038,0.70715,-0.20947,-0.5791,0.78613,1.0,-1.0,0.0,-5.0,-4.0,4.0,1.0,0.0,-0.125,-2.125,-2.5,0.80267,-0.2005,0.25714,-0.49939,-0.42725,0.77051,0.60498,30.0,29.0,15.0,13.0,8.0,8.0,9.0,0.0,2.1875,107.0625,-31.75,-0.53284,-0.44568,0.18695,0.69458,-0.19287,-0.57471,0.7793,-1.0,-4.0,-3.0,-2.0,0.0,-4.0,-3.0,-3.0,-0.0625,-0.625,-9.0,0.79559,-0.20831,0.25146,-0.51025
want,-0.26807,0.84912,0.53467,-4.0,0.0,7.0,9.0,3.0,3.0,8.0,41.0,0.4375,-1.3125,1.5,-0.59711,-0.41809,0.23981,0.64117,-0.15137,-0.62695,0.76318,0.0,-2.0,-2.0,-3.0,0.0,3.0,9.0,5.0,-2.5,-3.0625,-2.625,0.88312,-0.28558,0.19263,-0.31836,0.0,0.0,0.0,32.0,33.0,11.0,-5.0,2.0,1.0,2.0,2.0,0.0,0.0,0.0,0.0,0.0,0.0,0.0,-0.11914,-0.62451,0.75098,0.0,1.0,0.0,3.0,3.0,-4.0,-2.0,-2.0,-1.9375,-3.0625,-10.375,0.87872,-0.29486,0.18042,-0.3291
want,-0.28223,0.68604,0.65479,-3.0,-3.0,-4.0,-4.0,-2.0,-2.0,-4.0,-6.0,18.875,68.625,-32.3125,-0.56567,-0.40662,0.17963,0.69452,-0.12451,-0.56982,0.77686,1.0,1.0,1.0,5.0,7.0,2.0,0.0,1.0,-1.125,2.8125,-4.5,0.81799,-0.23645,0.21765,-0.47711,-0.61816,0.73193,0.40088,16.0,-2.0,-10.0,-5.0,-7.0,-3.0,-1.0,4.0,7.5,105.8125,-5.75,-0.54242,-0.55469,0.07928,0.62598,-0.12207,-0.58643,0.78369,1.0,2.0,0.0,1.0,4.0,5.0,1.0,-2.0,-1.0625,-2.125,-5.375,0.81421,-0.24048,0.21454,-0.48291
want,-0.51465,0.69336,0.31494,-60.0,-26.0,-5.0,4.0,2.0,-1.0,-13.0,-28.0,18.375,137.375,8.4375,-0.58124,-0.60944,0.06232,0.53564,-0.09473,-0.57715,0.79053,-3.0,-2.0,-3.0,-1.0,-4.0,-3.0,-7.0,-7.0,1.8125,-2.75,-8.125,0.85718,-0.25031,0.17981,-0.4126,-0.55566,0.85498,-0.04248,-43.0,-10.0,5.0,21.0,3.0,1.0,5.0,7.0,-36.0,73.625,22.0,-0.62427,-0.70313,-0.08398,0.33008,-0.07813,-0.56152,0.80908,1.0,-1.0,-2.0,6.0,6.0,-4.0,-10.0,-12.0,-1.5625,0.375,-9.0625,0.85254,-0.25061,0.17181,-0.42529
want,0.0,0.0,0.0,-1.0,-6.0,-3.0,-5.0,-1.0,0.0,0.0,5.0,0.0,0.0,0.0,0.0,0.0,0.0,0.0,-0.10693,-0.55176,0.81494,1.0,1.0,-2.0,-4.0,-4.0,2.0,4.0,19.0,-0.625,0.0625,-0.5,0.69391,-0.17371,0.24451,-0.6546,-0.35449,0.82568,0.67676,-30.0,-30.0,-8.0,-1.0,1.0,-5.0,-6.0,-3.0,19.1875,127.875,-51.5625,-0.52228,-0.40247,0.22797,0.71643,-0.10596,-0.55273,0.82031,0.0,0.0,2.0,3.0,1.0,1.0,-2.0,-3.0,-1.0625,0.375,-12.25,0.68347,-0.18115,0.24182,-0.66455
want,0.0,0.0,0.0,22.0,14.0,4.0,-3.0,4.0,2.0,6.0,13.0,0.0,0.0,0.0,0.0,0.0,0.0,0.0,0.00879,-0.54199,0.83301,0.0,-2.0,1.0,-1.0,0.0,1.0,-1.0,5.0,0.125,2.4375,-5.8125,0.86938,-0.25452,0.11566,-0.40741,-0.57764,0.7251,0.28174,-8.0,-13.0,-9.0,-11.0,-11.0,1.0,3.0,-2.0,13.5,123.4375,8.0,-0.67126,-0.24408,-0.57666,-0.39679,0.0,0.0,0.0,-2.0,-2.0,-1.0,0.0,1.0,0.0,-1.0,-2.0,0.0,0.0,0.0,0.0,0.0,0.0,0.0
want,0.0,0.0,0.0,6.0,-9.0,-16.0,-10.0,-5.0,-4.0,0.0,5.0,0.0,0.0,0.0,0.0,0.0,0.0,0.0,-0.13086,-0.5835,0.78857,-4.0,-1.0,-2.0,-5.0,-9.0,-1.0,-1.0,9.0,1.25,-3.0625,-1.3125,0.9342,-0.31488,0.02069,0.16614,-0.54395,0.73779,0.29688,-32.0,-31.0,-12.0,4.0,-7.0,-5.0,-4.0,-8.0,8.125,122.0625,20.6875,0.30969,0.52496,-0.31128,-0.72913,-0.09033,-0.58496,0.79688,-1.0,0.0,0.0,0.0,0.0,5.0,3.0,0.0,1.125,-2.5,-9.625,0.93793,-0.31256,0.00238,0.15033
want,0.00635,0.77295,0.66602,-15.0,-11.0,-9.0,-7.0,-7.0,-7.0,-9.0,-18.0,0.125,-4.0,4.1875,-0.87378,-0.39429,-0.10852,-0.26331,0.04053,-0.52686,0.81982,0.0,0.0,0.0,0.0,0.0,0.0,0.0,0.0,-0.1875,-0.8125,-0.4375,0.94116,-0.27917,0.03589,-0.18707,-0.29688,0.76172,0.57227,-2.0,4.0,-6.0,-4.0,1.0,0.0,0.0,-2.0,49.5625,136.875,-27.125,-0.81714,-0.38702,-0.33722,-0.26263,0.0,0.0,0.0,-1.0,0.0,-3.0,-4.0,-6.0,-4.0,2.0,-2.0,0.0,0.0,0.0,0.0,0.0,0.0,0.0
want,0.0166,-0.54736,0.80469,0.0,-2.0,-1.0,-2.0,-2.0,2.0,-1.0,1.0,-0.8125,-1.1875,0.375,0.93829,-0.28851,0.05188,-0.18341,-0.0127,0.74268,0.6582,1.0,-1.0,1.0,2.0,-1.0,0.0,0.0,-6.0,-4.0625,-6.5625,5.5,-0.8764,-0.39197,-0.12091,-0.25244,0.03369,-0.55127,0.81738,-1.0,2.0,-1.0,-1.0,0.0,2.0,-1.0,0.0,0.25,-13.0625,-13.375,0.93835,-0.28943,0.02881,-0.18677,-0.18896,0.89355,0.79346,15.0,8.0,15.0,10.0,5.0,1.0,-2.0,2.0,62.5625,134.4375,-28.4375,-0.86145,-0.39325,-0.20148,-0.25055
want,0.02588,-0.55273,0.81396,0.0,0.0,0.0,1.0,5.0,0.0,-2.0,-1.0,1.0,-0.375,0.4375,0.92145,-0.28387,0.06726,-0.25647,-0.021,0.8208,0.64502,9.0,-1.0,-2.0,-6.0,-2.0,0.0,3.0,7.0,6.75,2.9375,-5.375,-0.87366,-0.37604,-0.13409,-0.27838,0.0,0.0,0.0,0.0,1.0,-1.0,-3.0,0.0,3.0,-3.0,-3.0,0.0,0.0,0.0,0.0,0.0,0.0,0.0,-0.30908,0.73828,0.62061,-5.0,9.0,9.0,6.0,1.0,4.0,1.0,-6.0,35.75,131.9375,-19.6875,-0.82422,-0.35101,-0.32562,-0.30261
